track_name,artists,track_genre,album_name,Album Type,Total Tracks in Album,Available Markets,Album URL,Album Release Date,Track Duration (ms),popularity,Preview URL,explicit,External ID (ISRC),Track URL,Track Number,Track Type,Track URI,Is Local
Comfortably Numb,Pink Floyd,"album rock, art rock, classic rock, progressive rock, psychedelic rock, rock, symphonic rock",The Wall,album,26,"AD, AE, AG, AL, AO, AR, AU, BA, BB, BD, BF, BG, BH, BI, BJ, BN, BO, BR, BS, BT, BW, BZ, CA, CD, CG, CI, CL, CM, CO, CR, CV, CW, DJ, DM, DO, DZ, EC, EG, ET, FJ, FM, FR, GA, GD, GH, GM, GN, GQ, GT, GW, GY, HK, HN, HR, HT, ID, IL, IN, IQ, JM, JO, JP, KE, KH, KI, KM, KN, KR, KW, LA, LB, LC, LK, LR, LS, LY, MA, MC, ME, MG, MH, MK, ML, MO, MR, MU, MV, MW, MX, MY, MZ, NA, NE, NG, NI, NL, NP, NR, NZ, OM, PA, PE, PG, PH, PK, PL, PR, PS, PW, PY, QA, RO, RS, RW, SA, SB, SC, SG, SI, SL, SN, SR, ST, SV, SZ, TD, TG, TH, TL, TN, TO, TT, TV, TW, TZ, UG, US, UY, VC, VE, VN, VU, WS, XK, ZA, ZM, ZW",https://open.spotify.com/album/5Dbax7G8SWrP9xyzkOvy2F,30-11-1979,382296,71,,FALSE,GBN9Y1100113,https://open.spotify.com/track/5HNCy40Ni5BZJFw1TKzRsC,6,track,spotify:track:5HNCy40Ni5BZJFw1TKzRsC,FALSE
MY EYES,Travis Scott,"rap, slap house",UTOPIA,album,19,"AR, AU, AT, BE, BO, BR, BG, CA, CL, CO, CR, CY, CZ, DK, DO, DE, EC, EE, SV, FI, FR, GR, GT, HN, HK, HU, IS, IE, IT, LV, LT, LU, MY, MT, MX, NL, NZ, NI, NO, PA, PY, PE, PH, PL, PT, SG, SK, ES, SE, CH, TW, TR, UY, US, GB, AD, LI, MC, ID, JP, TH, VN, RO, IL, ZA, SA, AE, BH, QA, OM, KW, EG, MA, DZ, TN, LB, JO, PS, IN, BY, KZ, MD, UA, AL, BA, HR, ME, MK, RS, SI, KR, BD, PK, LK, GH, KE, NG, TZ, UG, AG, AM, BS, BB, BZ, BT, BW, BF, CV, CW, DM, FJ, GM, GE, GD, GW, GY, HT, JM, KI, LS, LR, MW, MV, ML, MH, FM, NA, NR, NE, PW, PG, PR, WS, SM, ST, SN, SC, SL, SB, KN, LC, VC, SR, TL, TO, TT, TV, VU, AZ, BN, BI, KH, CM, TD, KM, GQ, SZ, GA, GN, KG, LA, MO, MR, MN, NP, RW, TG, UZ, ZW, BJ, MG, MU, MZ, AO, CI, DJ, ZM, CD, CG, IQ, LY, TJ, VE, ET, XK",https://open.spotify.com/album/18NOKLkZETa4sWwLMIm0UZ,28-07-2023,251249,81,,TRUE,USSM12305007,https://open.spotify.com/track/4kjI1gwQZRKNDkw1nI475M,4,track,spotify:track:4kjI1gwQZRKNDkw1nI475M,FALSE
Creepin' (with The Weeknd & 21 Savage),Metro Boomin,rap,HEROES & VILLAINS,album,15,"AR, AU, AT, BE, BO, BR, BG, CA, CL, CO, CR, CY, CZ, DK, DO, DE, EC, EE, SV, FI, FR, GR, GT, HN, HK, HU, IS, IE, IT, LV, LT, LU, MY, MT, MX, NL, NZ, NI, NO, PA, PY, PE, PH, PL, PT, SG, SK, ES, SE, CH, TW, TR, UY, US, GB, AD, LI, MC, ID, JP, TH, VN, RO, IL, ZA, SA, AE, BH, QA, OM, KW, EG, MA, DZ, TN, LB, JO, PS, IN, KZ, MD, UA, AL, BA, HR, ME, MK, RS, SI, KR, BD, PK, LK, GH, KE, NG, TZ, UG, AG, AM, BS, BB, BZ, BT, BW, BF, CV, CW, DM, FJ, GM, GE, GD, GW, GY, HT, JM, KI, LS, LR, MW, MV, ML, MH, FM, NA, NR, NE, PW, PG, WS, SM, ST, SN, SC, SL, SB, KN, LC, VC, SR, TL, TO, TT, TV, VU, AZ, BN, BI, KH, CM, TD, KM, GQ, SZ, GA, GN, KG, LA, MO, MR, MN, NP, RW, TG, UZ, ZW, BJ, MG, MU, MZ, AO, CI, DJ, ZM, CD, CG, IQ, LY, TJ, VE, ET, XK",https://open.spotify.com/album/7txGsnDSqVMoRl6RQ9XyZP,02-12-2022,221520,81,,TRUE,USUG12208791,https://open.spotify.com/track/2dHHgzDwk4BJdRwy9uXhTO,10,track,spotify:track:2dHHgzDwk4BJdRwy9uXhTO,FALSE
Summer High,AP Dhillon,"desi hip hop, desi pop, punjabi hip hop, punjabi pop",Summer High,single,1,"AR, AU, AT, BE, BO, BR, BG, CA, CL, CO, CR, CY, CZ, DK, DO, DE, EC, EE, SV, FI, FR, GR, GT, HN, HK, HU, IS, IE, IT, LV, LT, LU, MY, MT, MX, NL, NZ, NI, NO, PA, PY, PE, PH, PL, PT, SG, SK, ES, SE, CH, TW, TR, UY, US, GB, AD, LI, MC, ID, JP, TH, VN, RO, IL, ZA, SA, AE, BH, QA, OM, KW, EG, MA, DZ, TN, LB, JO, PS, IN, BY, KZ, MD, UA, AL, BA, HR, ME, MK, RS, SI, KR, BD, PK, LK, GH, KE, NG, TZ, UG, AG, AM, BS, BB, BZ, BT, BW, BF, CV, CW, DM, FJ, GM, GE, GD, GW, GY, HT, JM, KI, LS, LR, MW, MV, ML, MH, FM, NA, NR, NE, PW, PG, PR, WS, SM, ST, SN, SC, SL, SB, KN, LC, VC, SR, TL, TO, TT, TV, VU, AZ, BN, BI, KH, CM, TD, KM, GQ, SZ, GA, GN, KG, LA, MO, MR, MN, NP, RW, TG, UZ, ZW, BJ, MG, MU, MZ, AO, CI, DJ, ZM, CD, CG, IQ, LY, TJ, VE, ET, XK",https://open.spotify.com/album/7sni37uwHitUkllYmcRO8W,05-08-2022,177391,69,,FALSE,TCAGJ2232740,https://open.spotify.com/track/1aL9518P5G72N92b48tuKw,1,track,spotify:track:1aL9518P5G72N92b48tuKw,FALSE
Afterhours,Bir,punjabi pop,Afterhours,single,1,"AR, AU, AT, BE, BO, BR, BG, CA, CL, CO, CR, CY, CZ, DK, DO, DE, EC, EE, SV, FI, FR, GR, GT, HN, HK, HU, IS, IE, IT, LV, LT, LU, MY, MT, MX, NL, NZ, NI, NO, PA, PY, PE, PH, PL, PT, SG, SK, ES, SE, CH, TW, TR, UY, US, GB, AD, LI, MC, ID, JP, TH, VN, RO, IL, ZA, SA, AE, BH, QA, OM, KW, EG, MA, DZ, TN, LB, JO, PS, IN, KZ, MD, UA, AL, BA, HR, ME, MK, RS, SI, KR, BD, PK, LK, GH, KE, NG, TZ, UG, AG, AM, BS, BB, BZ, BT, BW, BF, CV, CW, DM, FJ, GM, GE, GD, GW, GY, HT, JM, KI, LS, LR, MW, MV, ML, MH, FM, NA, NR, NE, PW, PG, PR, WS, SM, ST, SN, SC, SL, SB, KN, LC, VC, SR, TL, TO, TT, TV, VU, AZ, BN, BI, KH, CM, TD, KM, GQ, SZ, GA, GN, KG, LA, MO, MR, MN, NP, RW, TG, UZ, ZW, BJ, MG, MU, MZ, AO, CI, DJ, ZM, CD, CG, IQ, LY, TJ, VE, ET, XK",https://open.spotify.com/album/0gutaa3BZpZvwSL0eVRbP8,06-07-2022,140152,66,,FALSE,QZK6H2280638,https://open.spotify.com/track/7o1SDLghDwMc4OW3rKakVt,1,track,spotify:track:7o1SDLghDwMc4OW3rKakVt,FALSE
Still Rollin,Shubh,punjabi hip hop,Still Rollin,album,7,"AR, AU, AT, BE, BO, BR, BG, CA, CL, CO, CR, CY, CZ, DK, DO, DE, EC, EE, SV, FI, FR, GR, GT, HN, HK, HU, IS, IE, IT, LV, LT, LU, MY, MT, MX, NL, NZ, NI, NO, PA, PY, PE, PH, PL, PT, SG, SK, ES, SE, CH, TW, TR, UY, US, GB, AD, LI, MC, ID, JP, TH, VN, RO, IL, ZA, SA, AE, BH, QA, OM, KW, EG, MA, DZ, TN, LB, JO, PS, IN, BY, KZ, MD, UA, AL, BA, HR, ME, MK, RS, SI, KR, BD, PK, LK, GH, KE, NG, TZ, UG, AG, AM, BS, BB, BZ, BT, BW, BF, CV, CW, DM, FJ, GM, GE, GD, GW, GY, HT, JM, KI, LS, LR, MW, MV, ML, MH, FM, NA, NR, NE, PW, PG, PR, WS, SM, ST, SN, SC, SL, SB, KN, LC, VC, SR, TL, TO, TT, TV, VU, AZ, BN, BI, KH, CM, TD, KM, GQ, SZ, GA, GN, KG, LA, MO, MR, MN, NP, RW, TG, UZ, ZW, BJ, MG, MU, MZ, AO, CI, DJ, ZM, CD, CG, IQ, LY, TJ, VE, ET, XK",https://open.spotify.com/album/5AivaZj0CiQJoDWqVH2pbh,19-05-2023,174730,70,,FALSE,QM6P42332209,https://open.spotify.com/track/6oz1L5jcqZWYuId7nxvIan,1,track,spotify:track:6oz1L5jcqZWYuId7nxvIan,FALSE
Too Many Nights (feat. Don Toliver & with Future),Metro Boomin,rap,HEROES & VILLAINS,album,15,"AR, AU, AT, BE, BO, BR, BG, CA, CL, CO, CR, CY, CZ, DK, DO, DE, EC, EE, SV, FI, FR, GR, GT, HN, HK, HU, IS, IE, IT, LV, LT, LU, MY, MT, MX, NL, NZ, NI, NO, PA, PY, PE, PH, PL, PT, SG, SK, ES, SE, CH, TW, TR, UY, US, GB, AD, LI, MC, ID, JP, TH, VN, RO, IL, ZA, SA, AE, BH, QA, OM, KW, EG, MA, DZ, TN, LB, JO, PS, IN, KZ, MD, UA, AL, BA, HR, ME, MK, RS, SI, KR, BD, PK, LK, GH, KE, NG, TZ, UG, AG, AM, BS, BB, BZ, BT, BW, BF, CV, CW, DM, FJ, GM, GE, GD, GW, GY, HT, JM, KI, LS, LR, MW, MV, ML, MH, FM, NA, NR, NE, PW, PG, WS, SM, ST, SN, SC, SL, SB, KN, LC, VC, SR, TL, TO, TT, TV, VU, AZ, BN, BI, KH, CM, TD, KM, GQ, SZ, GA, GN, KG, LA, MO, MR, MN, NP, RW, TG, UZ, ZW, BJ, MG, MU, MZ, AO, CI, DJ, ZM, CD, CG, IQ, LY, TJ, VE, ET, XK",https://open.spotify.com/album/7txGsnDSqVMoRl6RQ9XyZP,02-12-2022,199920,82,,TRUE,USUG12208784,https://open.spotify.com/track/2Hh3ETdQKrmSI3QS0hme7g,3,track,spotify:track:2Hh3ETdQKrmSI3QS0hme7g,FALSE
Ric Flair Drip (with Metro Boomin),Offset,"atl hip hop, hip hop, pop rap, rap, trap",Without Warning,album,10,"AR, AU, AT, BE, BO, BR, BG, CA, CL, CO, CR, CY, CZ, DK, DO, DE, EC, EE, SV, FI, FR, GR, GT, HN, HK, HU, IS, IE, IT, LV, LT, LU, MY, MT, MX, NL, NZ, NI, NO, PA, PY, PE, PH, PL, PT, SG, SK, ES, SE, CH, TW, TR, UY, US, GB, AD, LI, MC, ID, JP, TH, VN, RO, IL, ZA, MA, DZ, TN, IN, BY, KZ, MD, UA, AL, BA, HR, ME, MK, RS, SI, KR, BD, PK, LK, GH, KE, NG, TZ, UG, AG, AM, BS, BB, BZ, BT, BW, BF, CV, CW, DM, FJ, GM, GE, GD, GW, GY, HT, JM, KI, LS, LR, MW, MV, ML, MH, FM, NA, NR, NE, PW, PG, PR, WS, SM, ST, SN, SC, SL, SB, KN, LC, VC, SR, TL, TO, TT, TV, VU, AZ, BN, BI, KH, CM, TD, KM, GQ, SZ, GA, GN, KG, LA, MO, MR, MN, NP, RW, TG, UZ, ZW, BJ, MG, MU, MZ, AO, CI, DJ, ZM, CD, CG, TJ, VE, ET, XK",https://open.spotify.com/album/0MV1yCXcNNQBfwApqAVkH0,30-10-2017,172800,81,,TRUE,QZ45A1700064,https://open.spotify.com/track/7sO5G9EABYOXQKNPNiE9NR,3,track,spotify:track:7sO5G9EABYOXQKNPNiE9NR,FALSE
Choo Lo,The Local Train,"hindi indie, indian indie, indian rock, new delhi indie",Aalas Ka Pedh,album,9,,https://open.spotify.com/album/4U2xdJPJfGo2HofVpSynwO,25-09-2015,233630,2,,FALSE,INO131301172,https://open.spotify.com/track/2qgXrzJsry4KgYoJCpuaul,4,track,spotify:track:2qgXrzJsry4KgYoJCpuaul,FALSE
Mary On A Cross,Ghost,"hard rock, metal",Seven Inches Of Satanic Panic,single,2,,https://open.spotify.com/album/6eOWfFjfBPRsAW0ZS4sbaF,13-09-2019,244804,42,,FALSE,USC4R1902750,https://open.spotify.com/track/2HZLXBOnaSRhXStMLrq9fD,2,track,spotify:track:2HZLXBOnaSRhXStMLrq9fD,FALSE
Choo Lo,The Local Train,"hindi indie, indian indie, indian rock, new delhi indie",Aalas Ka Pedh,album,9,"AR, AU, AT, BE, BO, BR, BG, CA, CL, CO, CR, CY, CZ, DK, DO, DE, EC, EE, SV, FI, FR, GR, GT, HN, HK, HU, IS, IE, IT, LV, LT, LU, MY, MT, MX, NL, NZ, NI, NO, PA, PY, PE, PH, PL, PT, SG, SK, ES, SE, CH, TW, TR, UY, US, GB, AD, LI, MC, ID, JP, TH, VN, RO, IL, ZA, SA, AE, BH, QA, OM, KW, EG, MA, DZ, TN, LB, JO, PS, IN, BY, KZ, MD, UA, AL, BA, HR, ME, MK, RS, SI, KR, BD, PK, LK, GH, KE, NG, TZ, UG, AG, AM, BS, BB, BZ, BT, BW, BF, CV, CW, DM, FJ, GM, GE, GD, GW, GY, HT, JM, KI, LS, LR, MW, MV, ML, MH, FM, NA, NR, NE, PW, PG, PR, WS, SM, ST, SN, SC, SL, SB, KN, LC, VC, SR, TL, TO, TT, TV, VU, AZ, BN, BI, KH, CM, TD, KM, GQ, SZ, GA, GN, KG, LA, MO, MR, MN, NP, RW, TG, UZ, ZW, BJ, MG, MU, MZ, AO, CI, DJ, ZM, CD, CG, IQ, LY, TJ, VE, ET, XK",https://open.spotify.com/album/5xOkxpVDHdpWkI9mNfYXab,25-09-2015,233630,71,,FALSE,INO131301172,https://open.spotify.com/track/0rlLBWFFTQiOWi963SH9bb,4,track,spotify:track:0rlLBWFFTQiOWi963SH9bb,FALSE
Cheques,Shubh,punjabi hip hop,Still Rollin,album,7,"AR, AU, AT, BE, BO, BR, BG, CA, CL, CO, CR, CY, CZ, DK, DO, DE, EC, EE, SV, FI, FR, GR, GT, HN, HK, HU, IS, IE, IT, LV, LT, LU, MY, MT, MX, NL, NZ, NI, NO, PA, PY, PE, PH, PL, PT, SG, SK, ES, SE, CH, TW, TR, UY, US, GB, AD, LI, MC, ID, JP, TH, VN, RO, IL, ZA, SA, AE, BH, QA, OM, KW, EG, MA, DZ, TN, LB, JO, PS, IN, BY, KZ, MD, UA, AL, BA, HR, ME, MK, RS, SI, KR, BD, PK, LK, GH, KE, NG, TZ, UG, AG, AM, BS, BB, BZ, BT, BW, BF, CV, CW, DM, FJ, GM, GE, GD, GW, GY, HT, JM, KI, LS, LR, MW, MV, ML, MH, FM, NA, NR, NE, PW, PG, PR, WS, SM, ST, SN, SC, SL, SB, KN, LC, VC, SR, TL, TO, TT, TV, VU, AZ, BN, BI, KH, CM, TD, KM, GQ, SZ, GA, GN, KG, LA, MO, MR, MN, NP, RW, TG, UZ, ZW, BJ, MG, MU, MZ, AO, CI, DJ, ZM, CD, CG, IQ, LY, TJ, VE, ET, XK",https://open.spotify.com/album/5AivaZj0CiQJoDWqVH2pbh,19-05-2023,183756,74,,FALSE,QM6P42332212,https://open.spotify.com/track/4eBvRhTJ2AcxCsbfTUjoRp,3,track,spotify:track:4eBvRhTJ2AcxCsbfTUjoRp,FALSE
Dior,Shubh,punjabi hip hop,Still Rollin,album,7,"AR, AU, AT, BE, BO, BR, BG, CA, CL, CO, CR, CY, CZ, DK, DO, DE, EC, EE, SV, FI, FR, GR, GT, HN, HK, HU, IS, IE, IT, LV, LT, LU, MY, MT, MX, NL, NZ, NI, NO, PA, PY, PE, PH, PL, PT, SG, SK, ES, SE, CH, TW, TR, UY, US, GB, AD, LI, MC, ID, JP, TH, VN, RO, IL, ZA, SA, AE, BH, QA, OM, KW, EG, MA, DZ, TN, LB, JO, PS, IN, BY, KZ, MD, UA, AL, BA, HR, ME, MK, RS, SI, KR, BD, PK, LK, GH, KE, NG, TZ, UG, AG, AM, BS, BB, BZ, BT, BW, BF, CV, CW, DM, FJ, GM, GE, GD, GW, GY, HT, JM, KI, LS, LR, MW, MV, ML, MH, FM, NA, NR, NE, PW, PG, PR, WS, SM, ST, SN, SC, SL, SB, KN, LC, VC, SR, TL, TO, TT, TV, VU, AZ, BN, BI, KH, CM, TD, KM, GQ, SZ, GA, GN, KG, LA, MO, MR, MN, NP, RW, TG, UZ, ZW, BJ, MG, MU, MZ, AO, CI, DJ, ZM, CD, CG, IQ, LY, TJ, VE, ET, XK",https://open.spotify.com/album/5AivaZj0CiQJoDWqVH2pbh,19-05-2023,139133,68,,FALSE,QM6P42332217,https://open.spotify.com/track/53QrRlALFJfZgdcGLKwy5s,6,track,spotify:track:53QrRlALFJfZgdcGLKwy5s,FALSE
Gul,Anuv Jain,"desi pop, hindi indie, indian indie, indian singer-songwriter",Gul,single,1,,https://open.spotify.com/album/0aD1s9SFgIIZG95AzVhLC7,16-07-2021,217241,1,,FALSE,TCAFQ2183637,https://open.spotify.com/track/0NLkVxf0PyxsXBG3EuZcJf,1,track,spotify:track:0NLkVxf0PyxsXBG3EuZcJf,FALSE
295,Sidhu Moose Wala,"desi hip hop, pakistani hip hop, punjabi hip hop, punjabi pop",Moosetape,album,32,"AR, AU, AT, BE, BO, BR, BG, CA, CL, CO, CR, CY, CZ, DK, DO, DE, EC, EE, SV, FI, FR, GR, GT, HN, HK, HU, IS, IE, IT, LV, LT, LU, MY, MT, MX, NL, NZ, NI, NO, PA, PY, PE, PH, PL, PT, SG, SK, ES, SE, CH, TW, TR, UY, US, GB, AD, LI, MC, ID, JP, TH, VN, RO, IL, ZA, SA, AE, BH, QA, OM, KW, EG, MA, DZ, TN, LB, JO, PS, IN, BY, KZ, MD, UA, AL, BA, HR, ME, MK, RS, SI, KR, BD, PK, LK, GH, KE, NG, TZ, UG, AG, AM, BS, BB, BZ, BT, BW, BF, CV, CW, DM, FJ, GM, GE, GD, GW, GY, HT, JM, KI, LS, LR, MW, MV, ML, MH, FM, NA, NR, NE, PW, PG, PR, WS, SM, ST, SN, SC, SL, SB, KN, LC, VC, SR, TL, TO, TT, TV, VU, AZ, BN, BI, KH, CM, TD, KM, GQ, SZ, GA, GN, KG, LA, MO, MR, MN, NP, RW, TG, UZ, ZW, BJ, MG, MU, MZ, AO, CI, DJ, ZM, CD, CG, IQ, LY, TJ, VE, ET, XK",https://open.spotify.com/album/45ZIondgVoMB84MQQaUo9T,15-05-2021,270000,69,,FALSE,INU252102408,https://open.spotify.com/track/5W7DOVGQLTigu09afW7QMT,30,track,spotify:track:5W7DOVGQLTigu09afW7QMT,FALSE
Starboy,The Weeknd,"canadian contemporary r&b, canadian pop, pop",Starboy,album,18,"AR, AU, AT, BE, BO, BR, BG, CA, CL, CO, CR, CY, CZ, DK, DO, DE, EC, EE, SV, FI, FR, GR, GT, HN, HK, HU, IS, IE, IT, LV, LT, LU, MY, MT, MX, NL, NZ, NI, NO, PA, PY, PE, PH, PL, PT, SG, SK, ES, SE, CH, TW, TR, UY, US, GB, AD, LI, MC, ID, JP, TH, VN, RO, IL, ZA, SA, AE, BH, QA, OM, KW, EG, MA, DZ, TN, LB, JO, PS, IN, BY, KZ, MD, UA, AL, BA, HR, ME, MK, RS, SI, KR, BD, PK, LK, GH, KE, NG, TZ, UG, AG, AM, BS, BB, BZ, BT, BW, BF, CV, CW, DM, FJ, GM, GE, GD, GW, GY, HT, JM, KI, LS, LR, MW, MV, ML, MH, FM, NA, NR, NE, PW, PG, WS, SM, ST, SN, SC, SL, SB, KN, LC, VC, SR, TL, TO, TT, TV, VU, AZ, BN, BI, KH, CM, TD, KM, GQ, SZ, GA, GN, KG, LA, MO, MR, MN, NP, RW, TG, UZ, ZW, BJ, MG, MU, MZ, AO, CI, DJ, ZM, CD, CG, IQ, LY, TJ, VE, ET, XK",https://open.spotify.com/album/2ODvWsOgouMbaA5xf0RkJe,25-11-2016,230453,87,,TRUE,USUG11600976,https://open.spotify.com/track/7MXVkk9YMctZqd1Srtv4MB,1,track,spotify:track:7MXVkk9YMctZqd1Srtv4MB,FALSE
Dil Nu,AP Dhillon,"desi hip hop, desi pop, punjabi hip hop, punjabi pop",Two Hearts Never Break The Same,single,6,"AR, AU, AT, BE, BO, BR, BG, CA, CL, CO, CR, CY, CZ, DK, DO, DE, EC, EE, SV, FI, FR, GR, GT, HN, HK, HU, IS, IE, IT, LV, LT, LU, MY, MT, MX, NL, NZ, NI, NO, PA, PY, PE, PH, PL, PT, SG, SK, ES, SE, CH, TW, TR, UY, US, GB, AD, LI, MC, ID, JP, TH, VN, RO, IL, ZA, SA, AE, BH, QA, OM, KW, EG, MA, DZ, TN, LB, JO, PS, IN, BY, KZ, MD, UA, AL, BA, HR, ME, MK, RS, SI, KR, BD, PK, LK, GH, KE, NG, TZ, UG, AG, AM, BS, BB, BZ, BT, BW, BF, CV, CW, DM, FJ, GM, GE, GD, GW, GY, HT, JM, KI, LS, LR, MW, MV, ML, MH, FM, NA, NR, NE, PW, PG, PR, WS, SM, ST, SN, SC, SL, SB, KN, LC, VC, SR, TL, TO, TT, TV, VU, AZ, BN, BI, KH, CM, TD, KM, GQ, SZ, GA, GN, KG, LA, MO, MR, MN, NP, RW, TG, UZ, ZW, BJ, MG, MU, MZ, AO, CI, DJ, ZM, CD, CG, IQ, LY, TJ, VE, ET, XK",https://open.spotify.com/album/0eZKTY3yDMqMTrVvtcEokh,07-10-2022,233666,68,,FALSE,TCAGN2223572,https://open.spotify.com/track/7AsG1F1eMWd17RYan8M3Wm,5,track,spotify:track:7AsG1F1eMWd17RYan8M3Wm,FALSE
We Rollin,Shubh,punjabi hip hop,We Rollin,single,1,"AR, AU, AT, BE, BO, BR, BG, CA, CL, CO, CR, CY, CZ, DK, DO, DE, EC, EE, SV, FI, FR, GR, GT, HN, HK, HU, IS, IE, IT, LV, LT, LU, MY, MT, MX, NL, NZ, NI, NO, PA, PY, PE, PH, PL, PT, SG, SK, ES, SE, CH, TW, TR, UY, US, GB, AD, LI, MC, ID, JP, TH, VN, RO, IL, ZA, SA, AE, BH, QA, OM, KW, EG, MA, DZ, TN, LB, JO, PS, IN, BY, KZ, MD, UA, AL, BA, HR, ME, MK, RS, SI, KR, BD, PK, LK, GH, KE, NG, TZ, UG, AG, AM, BS, BB, BZ, BT, BW, BF, CV, CW, DM, FJ, GM, GE, GD, GW, GY, HT, JM, KI, LS, LR, MW, MV, ML, MH, FM, NA, NR, NE, PW, PG, PR, WS, SM, ST, SN, SC, SL, SB, KN, LC, VC, SR, TL, TO, TT, TV, VU, AZ, BN, BI, KH, CM, TD, KM, GQ, SZ, GA, GN, KG, LA, MO, MR, MN, NP, RW, TG, UZ, ZW, BJ, MG, MU, MZ, AO, CI, DJ, ZM, CD, CG, IQ, LY, TJ, VE, ET, XK",https://open.spotify.com/album/09vnsHZoXH0OQWNAaOkVcf,09-09-2021,199205,68,,TRUE,QZMEQ2168582,https://open.spotify.com/track/6ZYxNjuAU9Vy3VtF6W1dtE,1,track,spotify:track:6ZYxNjuAU9Vy3VtF6W1dtE,FALSE
Kaisey Jiyun,The Local Train,"hindi indie, indian indie, indian rock, new delhi indie",Aalas Ka Pedh,album,9,"AR, AU, AT, BE, BO, BR, BG, CA, CL, CO, CR, CY, CZ, DK, DO, DE, EC, EE, SV, FI, FR, GR, GT, HN, HK, HU, IS, IE, IT, LV, LT, LU, MY, MT, MX, NL, NZ, NI, NO, PA, PY, PE, PH, PL, PT, SG, SK, ES, SE, CH, TW, TR, UY, US, GB, AD, LI, MC, ID, JP, TH, VN, RO, IL, ZA, SA, AE, BH, QA, OM, KW, EG, MA, DZ, TN, LB, JO, PS, IN, BY, KZ, MD, UA, AL, BA, HR, ME, MK, RS, SI, KR, BD, PK, LK, GH, KE, NG, TZ, UG, AG, AM, BS, BB, BZ, BT, BW, BF, CV, CW, DM, FJ, GM, GE, GD, GW, GY, HT, JM, KI, LS, LR, MW, MV, ML, MH, FM, NA, NR, NE, PW, PG, PR, WS, SM, ST, SN, SC, SL, SB, KN, LC, VC, SR, TL, TO, TT, TV, VU, AZ, BN, BI, KH, CM, TD, KM, GQ, SZ, GA, GN, KG, LA, MO, MR, MN, NP, RW, TG, UZ, ZW, BJ, MG, MU, MZ, AO, CI, DJ, ZM, CD, CG, IQ, LY, TJ, VE, ET, XK",https://open.spotify.com/album/5xOkxpVDHdpWkI9mNfYXab,25-09-2015,239085,48,,FALSE,INO131301173,https://open.spotify.com/track/6vIpkg9mdc5kDYvwuO6Qtc,5,track,spotify:track:6vIpkg9mdc5kDYvwuO6Qtc,FALSE
Castle on the Hill,Ed Sheeran,"pop, singer-songwriter pop, uk pop",รท (Deluxe),album,16,"AR, AU, AT, BE, BO, BR, BG, CA, CL, CO, CR, CY, CZ, DK, DO, DE, EC, EE, SV, FI, FR, GR, GT, HN, HK, HU, IS, IE, IT, LV, LT, LU, MY, MT, MX, NL, NZ, NI, NO, PA, PY, PE, PH, PL, PT, SG, SK, ES, SE, CH, TW, TR, UY, US, GB, AD, LI, MC, ID, JP, TH, VN, RO, IL, ZA, SA, AE, BH, QA, OM, KW, EG, MA, DZ, TN, LB, JO, PS, IN, BY, KZ, MD, UA, AL, BA, HR, ME, MK, RS, SI, KR, BD, PK, LK, GH, KE, NG, TZ, UG, AG, AM, BS, BB, BZ, BT, BW, BF, CV, CW, DM, FJ, GM, GE, GD, GW, GY, HT, JM, KI, LS, LR, MW, MV, ML, MH, FM, NA, NR, NE, PW, PG, WS, SM, ST, SN, SC, SL, SB, KN, LC, VC, SR, TL, TO, TT, TV, VU, AZ, BN, BI, KH, CM, TD, KM, GQ, SZ, GA, GN, KG, LA, MO, MR, MN, NP, RW, TG, UZ, ZW, BJ, MG, MU, MZ, AO, CI, DJ, ZM, CD, CG, IQ, LY, TJ, VE, ET, XK",https://open.spotify.com/album/3T4tUhGYeRNVUGevb0wThu,03-03-2017,261153,76,,FALSE,GBAHS1600462,https://open.spotify.com/track/6PCUP3dWmTjcTtXY02oFdT,2,track,spotify:track:6PCUP3dWmTjcTtXY02oFdT,FALSE
Hit 'Em Up - Single Version,2Pac,"g funk, gangster rap, hip hop, rap, west coast rap",Greatest Hits,compilation,25,"AR, AU, AT, BE, BO, BR, BG, CA, CL, CO, CR, CY, CZ, DK, DO, DE, EC, EE, SV, FI, FR, GR, GT, HN, HK, HU, IS, IE, IT, LV, LT, LU, MY, MT, MX, NL, NZ, NI, NO, PA, PY, PE, PH, PL, PT, SG, SK, ES, SE, CH, TW, TR, UY, US, GB, AD, LI, MC, ID, JP, TH, VN, RO, IL, ZA, SA, AE, BH, QA, OM, KW, EG, MA, DZ, TN, LB, JO, PS, IN, BY, KZ, MD, UA, AL, BA, HR, ME, MK, RS, SI, KR, BD, PK, LK, GH, KE, NG, TZ, UG, AG, AM, BS, BB, BZ, BT, BW, BF, CV, CW, DM, FJ, GM, GE, GD, GW, GY, HT, JM, KI, LS, LR, MW, MV, ML, MH, FM, NA, NR, NE, PW, PG, WS, SM, ST, SN, SC, SL, SB, KN, LC, VC, SR, TL, TO, TT, TV, VU, AZ, BN, BI, KH, CM, TD, KM, GQ, SZ, GA, GN, KG, LA, MO, MR, MN, NP, RW, TG, UZ, ZW, BJ, MG, MU, MZ, AO, CI, DJ, ZM, CD, CG, IQ, LY, TJ, VE, ET, XK",https://open.spotify.com/album/1WBZyULtlANBKed7Zf9cDP,01-01-1998,312626,79,,TRUE,USUG10801475,https://open.spotify.com/track/0Z2J91b2iTGLVTZC4fKgxf,12,track,spotify:track:0Z2J91b2iTGLVTZC4fKgxf,FALSE
Moon Rise,Guru Randhawa,"filmi, modern bollywood",Man Of The Moon,album,7,"AR, AU, AT, BE, BO, BR, BG, CA, CL, CO, CR, CY, CZ, DK, DO, DE, EC, EE, SV, FI, FR, GR, GT, HN, HK, HU, IS, IE, IT, LV, LT, LU, MY, MT, MX, NL, NZ, NI, NO, PA, PY, PE, PH, PL, PT, SG, SK, ES, SE, CH, TW, TR, UY, US, GB, AD, LI, MC, ID, JP, TH, VN, RO, IL, ZA, SA, AE, BH, QA, OM, KW, EG, MA, DZ, TN, LB, JO, PS, IN, BY, KZ, MD, UA, AL, BA, HR, ME, MK, RS, SI, KR, BD, PK, LK, GH, KE, NG, TZ, UG, AG, AM, BS, BB, BZ, BT, BW, BF, CV, CW, DM, FJ, GM, GE, GD, GW, GY, HT, JM, KI, LS, LR, MW, MV, ML, MH, FM, NA, NR, NE, PW, PG, PR, WS, SM, ST, SN, SC, SL, SB, KN, LC, VC, SR, TL, TO, TT, TV, VU, AZ, BN, BI, KH, CM, TD, KM, GQ, SZ, GA, GN, KG, LA, MO, MR, MN, NP, RW, TG, UZ, ZW, BJ, MG, MU, MZ, AO, CI, DJ, ZM, CD, CG, IQ, LY, TJ, VE, ET, XK",https://open.spotify.com/album/0jasm0jnhQ6Y6OUYTI1NL6,22-08-2022,174056,64,,FALSE,INS182202831,https://open.spotify.com/track/3oWv5qDKYN7MH6FdlglMN5,6,track,spotify:track:3oWv5qDKYN7MH6FdlglMN5,FALSE
Breathe (In the Air),Pink Floyd,"album rock, art rock, classic rock, progressive rock, psychedelic rock, rock, symphonic rock",The Dark Side of the Moon,album,10,"AD, AE, AG, AL, AO, AR, AU, BA, BB, BD, BF, BG, BH, BI, BJ, BN, BO, BR, BS, BT, BW, BZ, CA, CD, CG, CI, CL, CM, CO, CR, CV, CW, DJ, DM, DO, DZ, EC, EG, ET, FJ, FM, FR, GA, GD, GH, GM, GN, GQ, GT, GW, GY, HK, HN, HR, HT, ID, IL, IN, IQ, JM, JO, JP, KE, KH, KI, KM, KN, KR, KW, LA, LB, LC, LK, LR, LS, LY, MA, MC, ME, MG, MH, MK, ML, MO, MR, MU, MV, MW, MX, MY, MZ, NA, NE, NG, NI, NL, NP, NR, NZ, OM, PA, PE, PG, PH, PK, PL, PR, PS, PW, PY, QA, RO, RS, RW, SA, SB, SC, SG, SI, SL, SN, SR, ST, SV, SZ, TD, TG, TH, TL, TN, TO, TT, TV, TW, TZ, UG, US, UY, VC, VE, VN, VU, WS, XK, ZA, ZM, ZW",https://open.spotify.com/album/4LH4d3cOWNNsVw41Gqt2kv,01-03-1973,169534,72,,FALSE,GBN9Y1100077,https://open.spotify.com/track/2ctvdKmETyOzPb2GiJJT53,2,track,spotify:track:2ctvdKmETyOzPb2GiJJT53,FALSE
No Love,Shubh,punjabi hip hop,No Love,single,1,"AR, AU, AT, BE, BO, BR, BG, CA, CL, CO, CR, CY, CZ, DK, DO, DE, EC, EE, SV, FI, FR, GR, GT, HN, HK, HU, IS, IE, IT, LV, LT, LU, MY, MT, MX, NL, NZ, NI, NO, PA, PY, PE, PH, PL, PT, SG, SK, ES, SE, CH, TW, TR, UY, US, GB, AD, LI, MC, ID, JP, TH, VN, RO, IL, ZA, SA, AE, BH, QA, OM, KW, EG, MA, DZ, TN, LB, JO, PS, IN, BY, KZ, MD, UA, AL, BA, HR, ME, MK, RS, SI, KR, BD, PK, LK, GH, KE, NG, TZ, UG, AG, AM, BS, BB, BZ, BT, BW, BF, CV, CW, DM, FJ, GM, GE, GD, GW, GY, HT, JM, KI, LS, LR, MW, MV, ML, MH, FM, NA, NR, NE, PW, PG, PR, WS, SM, ST, SN, SC, SL, SB, KN, LC, VC, SR, TL, TO, TT, TV, VU, AZ, BN, BI, KH, CM, TD, KM, GQ, SZ, GA, GN, KG, LA, MO, MR, MN, NP, RW, TG, UZ, ZW, BJ, MG, MU, MZ, AO, CI, DJ, ZM, CD, CG, IQ, LY, TJ, VE, ET, XK",https://open.spotify.com/album/5Zcgog7sQ79ISF32y9nABU,22-02-2022,170387,70,,FALSE,QZDA52252890,https://open.spotify.com/track/08Isz2ETWSBhvIl8UpKYsp,1,track,spotify:track:08Isz2ETWSBhvIl8UpKYsp,FALSE
Lucid Dreams,Juice WRLD,"chicago rap, melodic rap, rap",Goodbye & Good Riddance,album,17,"AR, AU, AT, BE, BO, BR, BG, CA, CL, CO, CR, CY, CZ, DK, DO, DE, EC, EE, SV, FI, FR, GR, GT, HN, HK, HU, IS, IE, IT, LV, LT, LU, MY, MT, MX, NL, NZ, NI, NO, PA, PY, PE, PH, PL, PT, SG, SK, ES, SE, CH, TW, TR, UY, US, GB, AD, LI, MC, ID, JP, TH, VN, RO, IL, ZA, SA, AE, BH, QA, OM, KW, EG, MA, DZ, TN, LB, JO, PS, IN, BY, KZ, MD, UA, AL, BA, HR, ME, MK, RS, SI, KR, BD, PK, LK, GH, KE, NG, TZ, UG, AG, AM, BS, BB, BZ, BT, BW, CV, CW, DM, FJ, GM, GE, GD, GW, GY, HT, JM, KI, LS, LR, MW, MV, ML, MH, FM, NA, NR, NE, PW, PG, WS, SM, ST, SN, SC, SL, SB, KN, LC, VC, SR, TL, TO, TT, TV, VU, AZ, BI, KH, CM, TD, KM, GQ, SZ, GA, GN, KG, LA, MO, MR, MN, NP, RW, TG, UZ, ZW, BJ, MG, MU, MZ, AO, CI, DJ, ZM, CD, CG, IQ, LY, TJ, VE, ET, XK",https://open.spotify.com/album/6tkjU4Umpo79wwkgPMV3nZ,10-12-2018,239835,86,,TRUE,USUG11800685,https://open.spotify.com/track/285pBltuF7vW8TeWk8hdRR,3,track,spotify:track:285pBltuF7vW8TeWk8hdRR,FALSE
Hope,XXXTENTACION,"emo rap, miami hip hop, rap",?,album,18,"AR, AU, AT, BE, BO, BR, BG, CA, CL, CO, CR, CY, CZ, DK, DO, DE, EC, EE, SV, FI, FR, GR, GT, HN, HK, HU, IS, IE, IT, LV, LT, LU, MY, MT, MX, NL, NZ, NI, NO, PA, PY, PE, PH, PL, PT, SG, SK, ES, SE, CH, TW, TR, UY, US, GB, AD, LI, MC, ID, JP, TH, VN, RO, IL, ZA, SA, AE, BH, QA, OM, KW, EG, MA, DZ, TN, LB, JO, PS, IN, BY, KZ, MD, UA, AL, BA, HR, ME, MK, RS, SI, KR, BD, PK, LK, GH, KE, NG, TZ, UG, AG, AM, BS, BB, BZ, BT, BW, CV, CW, DM, FJ, GM, GE, GD, GW, GY, HT, JM, KI, LS, LR, MW, MV, ML, MH, FM, NA, NR, NE, PW, PG, WS, SM, ST, SN, SC, SL, SB, KN, LC, VC, SR, TL, TO, TT, TV, VU, AZ, BI, KH, CM, TD, KM, GQ, SZ, GA, GN, KG, LA, MO, MR, MN, NP, RW, TG, UZ, ZW, BJ, MG, MU, MZ, AO, CI, DJ, ZM, CD, CG, IQ, LY, TJ, VE, ET, XK",https://open.spotify.com/album/2Ti79nwTsont5ZHfdxIzAm,16-03-2018,110886,83,,TRUE,USUG11800447,https://open.spotify.com/track/2ZRo7axmMPeSVUvDbGkJah,16,track,spotify:track:2ZRo7axmMPeSVUvDbGkJah,FALSE
Baller,Shubh,punjabi hip hop,Baller,single,1,"AR, AU, AT, BE, BO, BR, BG, CA, CL, CO, CR, CY, CZ, DK, DO, DE, EC, EE, SV, FI, FR, GR, GT, HN, HK, HU, IS, IE, IT, LV, LT, LU, MY, MT, MX, NL, NZ, NI, NO, PA, PY, PE, PH, PL, PT, SG, SK, ES, SE, CH, TW, TR, UY, US, GB, AD, LI, MC, ID, JP, TH, VN, RO, IL, ZA, SA, AE, BH, QA, OM, KW, EG, MA, DZ, TN, LB, JO, PS, IN, BY, KZ, MD, UA, AL, BA, HR, ME, MK, RS, SI, KR, BD, PK, LK, GH, KE, NG, TZ, UG, AG, AM, BS, BB, BZ, BT, BW, BF, CV, CW, DM, FJ, GM, GE, GD, GW, GY, HT, JM, KI, LS, LR, MW, MV, ML, MH, FM, NA, NR, NE, PW, PG, PR, WS, SM, ST, SN, SC, SL, SB, KN, LC, VC, SR, TL, TO, TT, TV, VU, AZ, BN, BI, KH, CM, TD, KM, GQ, SZ, GA, GN, KG, LA, MO, MR, MN, NP, RW, TG, UZ, ZW, BJ, MG, MU, MZ, AO, CI, DJ, ZM, CD, CG, IQ, LY, TJ, VE, ET, XK",https://open.spotify.com/album/44aCFqUbG06fL58kqpMp8p,09-09-2022,148188,67,,FALSE,QMBZ92275950,https://open.spotify.com/track/42TMa2hgBNjte4uV7jNCnQ,1,track,spotify:track:42TMa2hgBNjte4uV7jNCnQ,FALSE
Aadat,Atif Aslam,"classic pakistani pop, filmi, modern bollywood, sufi",Kalyug,compilation,7,,https://open.spotify.com/album/1BEbWl7hVZ2B2O7zuzKOhG,09-12-2005,333740,2,,FALSE,INH100510220,https://open.spotify.com/track/4yR2z3JafnCo86THA6ISZ4,1,track,spotify:track:4yR2z3JafnCo86THA6ISZ4,FALSE
I Took A Pill In Ibiza - Seeb Remix,Mike Posner,"dance pop, pop, pop dance, pop rap","At Night, Alone. (Expanded Edition)",album,20,"AR, AU, AT, BE, BO, BR, BG, CA, CL, CO, CR, CY, CZ, DK, DO, DE, EC, EE, SV, FI, FR, GR, GT, HN, HK, HU, IS, IE, IT, LV, LT, LU, MY, MT, MX, NL, NZ, NI, NO, PA, PY, PE, PH, PL, PT, SG, SK, ES, SE, CH, TW, TR, UY, US, GB, AD, LI, MC, ID, JP, TH, VN, RO, IL, ZA, SA, AE, BH, QA, OM, KW, EG, MA, DZ, TN, LB, JO, PS, IN, BY, KZ, MD, UA, AL, BA, HR, ME, MK, RS, SI, KR, BD, PK, LK, GH, KE, NG, TZ, UG, AG, AM, BS, BB, BZ, BT, BW, BF, CV, CW, DM, FJ, GM, GE, GD, GW, GY, HT, JM, KI, LS, LR, MW, MV, ML, MH, FM, NA, NR, NE, PW, PG, WS, SM, ST, SN, SC, SL, SB, KN, LC, VC, SR, TL, TO, TT, TV, VU, AZ, BN, BI, KH, CM, TD, KM, GQ, SZ, GA, GN, KG, LA, MO, MR, MN, NP, RW, TG, UZ, ZW, BJ, MG, MU, MZ, AO, CI, DJ, ZM, CD, CG, IQ, LY, TJ, VE, ET, XK",https://open.spotify.com/album/3V6dvka55d13dxFB3Mz9eV,06-05-2016,197933,52,,TRUE,USUM71509342,https://open.spotify.com/track/62UAFVREdTssSevwa5jqhF,13,track,spotify:track:62UAFVREdTssSevwa5jqhF,FALSE
I Wanna Be Yours,Arctic Monkeys,"garage rock, modern rock, permanent wave, rock, sheffield indie",AM,album,12,"AR, AU, AT, BE, BO, BR, BG, CA, CL, CO, CR, CY, CZ, DK, DO, DE, EC, EE, SV, FI, FR, GR, GT, HN, HK, HU, IS, IE, IT, LV, LT, LU, MY, MT, MX, NL, NZ, NI, NO, PA, PY, PE, PH, PL, PT, SG, SK, ES, SE, CH, TW, TR, UY, US, GB, AD, LI, MC, ID, JP, TH, VN, RO, IL, ZA, SA, AE, BH, QA, OM, KW, EG, MA, DZ, TN, LB, JO, PS, IN, KZ, MD, UA, AL, BA, HR, ME, MK, RS, SI, KR, BD, PK, LK, GH, KE, NG, TZ, UG, AG, AM, BS, BB, BZ, BT, BW, BF, CV, CW, DM, FJ, GM, GE, GD, GW, GY, HT, JM, KI, LS, LR, MW, MV, ML, MH, FM, NA, NR, NE, PW, PG, PR, WS, SM, ST, SN, SC, SL, SB, KN, LC, VC, SR, TL, TO, TT, TV, VU, AZ, BN, BI, KH, CM, TD, KM, GQ, SZ, GA, GN, KG, LA, MO, MR, MN, NP, RW, TG, UZ, ZW, BJ, MG, MU, MZ, AO, CI, DJ, ZM, CD, CG, IQ, LY, TJ, VE, ET, XK",https://open.spotify.com/album/78bpIziExqiI9qztvNFlQu,09-09-2013,183956,90,,FALSE,GBCEL1300373,https://open.spotify.com/track/5XeFesFbtLpXzIVDNQP22n,12,track,spotify:track:5XeFesFbtLpXzIVDNQP22n,FALSE
cold/mess,Prateek Kuhad,"desi pop, folk-pop, hindi indie, indian indie, indian singer-songwriter",cold/mess,album,7,"AR, AU, AT, BE, BO, BR, BG, CA, CL, CO, CR, CY, CZ, DK, DO, DE, EC, EE, SV, FI, FR, GR, GT, HN, HK, HU, IS, IE, IT, LV, LT, LU, MY, MT, MX, NL, NZ, NI, NO, PA, PY, PE, PH, PL, PT, SG, SK, ES, SE, CH, TW, TR, UY, US, GB, AD, LI, MC, ID, JP, TH, VN, RO, IL, ZA, SA, AE, BH, QA, OM, KW, EG, MA, DZ, TN, LB, JO, PS, IN, BY, KZ, MD, UA, AL, BA, HR, ME, MK, RS, SI, KR, BD, PK, LK, GH, KE, NG, TZ, UG, AG, AM, BS, BB, BZ, BT, BW, BF, CV, CW, DM, FJ, GM, GE, GD, GW, GY, HT, JM, KI, LS, LR, MW, MV, ML, MH, FM, NA, NR, NE, PW, PG, PR, WS, SM, ST, SN, SC, SL, SB, KN, LC, VC, SR, TL, TO, TT, TV, VU, AZ, BN, BI, KH, CM, TD, KM, GQ, SZ, GA, GN, KG, LA, MO, MR, MN, NP, RW, TG, UZ, ZW, BJ, MG, MU, MZ, AO, CI, DJ, ZM, CD, CG, IQ, LY, TJ, VE, ET, XK",https://open.spotify.com/album/6FzicG6wlKHogiRaGAbvBK,07-10-2020,281218,56,,FALSE,USAT22006215,https://open.spotify.com/track/7uhINGViZPygI2AljxO8KN,3,track,spotify:track:7uhINGViZPygI2AljxO8KN,FALSE
EARFQUAKE,"Tyler, The Creator","hip hop, rap",IGOR,album,12,"AR, AU, AT, BE, BO, BR, BG, CA, CL, CO, CR, CY, CZ, DK, DO, DE, EC, EE, SV, FI, FR, GR, GT, HN, HK, HU, IS, IE, IT, LV, LT, LU, MY, MT, MX, NL, NZ, NI, NO, PA, PY, PE, PH, PL, PT, SG, SK, ES, SE, CH, TW, TR, UY, US, GB, AD, LI, MC, ID, JP, TH, VN, RO, IL, ZA, SA, AE, BH, QA, OM, KW, EG, MA, DZ, TN, LB, JO, PS, IN, BY, KZ, MD, UA, AL, BA, HR, ME, MK, RS, SI, KR, BD, PK, LK, GH, KE, NG, TZ, UG, AG, AM, BS, BB, BZ, BT, BW, BF, CV, CW, DM, FJ, GM, GE, GD, GW, GY, HT, JM, KI, LS, LR, MW, MV, ML, MH, FM, NA, NR, NE, PW, PG, PR, WS, SM, ST, SN, SC, SL, SB, KN, LC, VC, SR, TL, TO, TT, TV, VU, AZ, BN, BI, KH, CM, TD, KM, GQ, SZ, GA, GN, KG, LA, MO, MR, MN, NP, RW, TG, UZ, ZW, BJ, MG, MU, MZ, AO, CI, DJ, ZM, CD, CG, IQ, LY, TJ, VE, ET, XK",https://open.spotify.com/album/5zi7WsKlIiUXv09tbGLKsE,17-05-2019,190066,81,,TRUE,USQX91901111,https://open.spotify.com/track/5hVghJ4KaYES3BFUATCYn0,2,track,spotify:track:5hVghJ4KaYES3BFUATCYn0,FALSE
Skyfall,Adele,"british soul, pop, pop soul, uk pop",Skyfall,single,1,"AR, AU, AT, BE, BO, BR, BG, CA, CL, CO, CR, CY, CZ, DK, DO, DE, EC, EE, SV, FI, FR, GR, GT, HN, HK, HU, IS, IE, IT, LV, LT, LU, MY, MT, MX, NL, NZ, NI, NO, PA, PY, PE, PH, PL, PT, SG, SK, ES, SE, CH, TW, TR, UY, US, GB, AD, LI, MC, ID, JP, TH, VN, RO, IL, ZA, SA, AE, BH, QA, OM, KW, EG, MA, DZ, TN, LB, JO, PS, IN, BY, KZ, MD, UA, AL, BA, HR, ME, MK, RS, SI, KR, BD, PK, LK, GH, KE, NG, TZ, UG, AG, AM, BS, BB, BZ, BT, BW, BF, CV, CW, DM, FJ, GM, GE, GD, GW, GY, HT, JM, KI, LS, LR, MW, MV, ML, MH, FM, NA, NR, NE, PW, PG, PR, WS, SM, ST, SN, SC, SL, SB, KN, LC, VC, SR, TL, TO, TT, TV, VU, AZ, BN, BI, KH, CM, TD, KM, GQ, SZ, GA, GN, KG, LA, MO, MR, MN, NP, RW, TG, UZ, ZW, BJ, MG, MU, MZ, AO, CI, DJ, ZM, CD, CG, IQ, LY, TJ, VE, ET, XK",https://open.spotify.com/album/6TwN6Lq9glwnG8kNp6chHY,04-10-2012,286480,83,,FALSE,GBBKS1200164,https://open.spotify.com/track/6VObnIkLVruX4UVyxWhlqm,1,track,spotify:track:6VObnIkLVruX4UVyxWhlqm,FALSE
Sunsetz,Cigarettes After Sex,"ambient pop, dream pop, el paso indie, shoegaze",Cigarettes After Sex,album,10,"AR, AT, BE, BO, BR, BG, CA, CL, CO, CR, CY, CZ, DK, DO, DE, EC, EE, SV, FI, FR, GR, GT, HN, HK, HU, IS, IE, IT, LV, LT, LU, MY, MT, MX, NL, NI, NO, PA, PY, PE, PH, PL, PT, SG, SK, ES, SE, CH, TW, TR, UY, US, GB, AD, LI, MC, ID, JP, TH, VN, RO, IL, ZA, SA, AE, BH, QA, OM, KW, EG, MA, DZ, TN, LB, JO, PS, IN, BY, KZ, MD, UA, AL, BA, HR, ME, MK, RS, SI, KR, BD, PK, LK, GH, KE, NG, TZ, UG, AG, AM, BS, BB, BZ, BT, BW, BF, CV, CW, DM, FJ, GM, GE, GD, GW, GY, HT, JM, KI, LS, LR, MW, MV, ML, MH, FM, NA, NR, NE, PW, PG, PR, WS, SM, ST, SN, SC, SL, SB, KN, LC, VC, SR, TL, TO, TT, TV, VU, AZ, BN, BI, KH, CM, TD, KM, GQ, SZ, GA, GN, KG, LA, MO, MR, MN, NP, RW, TG, UZ, ZW, BJ, MG, MU, MZ, AO, CI, DJ, ZM, CD, CG, IQ, LY, TJ, VE, ET, XK",https://open.spotify.com/album/2mxFsS5yylSTHNivV53HoA,09-06-2017,215150,84,,FALSE,USBQU1700033,https://open.spotify.com/track/0SpkyS1Q4MD8GaVcP5YjT4,3,track,spotify:track:0SpkyS1Q4MD8GaVcP5YjT4,FALSE
Shine On You Crazy Diamond (Pts. 1-5),Pink Floyd,"album rock, art rock, classic rock, progressive rock, psychedelic rock, rock, symphonic rock",Wish You Were Here,album,5,"AD, AE, AG, AL, AO, AR, AU, BA, BB, BD, BF, BG, BH, BI, BJ, BN, BO, BR, BS, BT, BW, BZ, CA, CD, CG, CI, CL, CM, CO, CR, CV, CW, DJ, DM, DO, DZ, EC, EG, ET, FJ, FM, FR, GA, GD, GH, GM, GN, GQ, GT, GW, GY, HK, HN, HR, HT, ID, IL, IN, IQ, JM, JO, JP, KE, KH, KI, KM, KN, KR, KW, LA, LB, LC, LK, LR, LS, LY, MA, MC, ME, MG, MH, MK, ML, MO, MR, MU, MV, MW, MX, MY, MZ, NA, NE, NG, NI, NL, NP, NR, NZ, OM, PA, PE, PG, PH, PK, PL, PR, PS, PW, PY, QA, RO, RS, RW, SA, SB, SC, SG, SI, SL, SN, SR, ST, SV, SZ, TD, TG, TH, TL, TN, TO, TT, TV, TW, TZ, UG, US, UY, VC, VE, VN, VU, WS, XK, ZA, ZM, ZW",https://open.spotify.com/album/0bCAjiUamIFqKJsekOYuRw,12-09-1975,811077,64,,FALSE,GBN9Y1100085,https://open.spotify.com/track/6pnwfWyaWjQiHCKTiZLItr,1,track,spotify:track:6pnwfWyaWjQiHCKTiZLItr,FALSE
Marooned,Pink Floyd,"album rock, art rock, classic rock, progressive rock, psychedelic rock, rock, symphonic rock",The Division Bell,album,11,"AD, AE, AG, AL, AO, AR, AU, BA, BB, BD, BF, BG, BH, BI, BJ, BN, BO, BR, BS, BT, BW, BZ, CA, CD, CG, CI, CL, CM, CO, CR, CV, CW, DJ, DM, DO, DZ, EC, EG, ET, FJ, FM, FR, GA, GD, GH, GM, GN, GQ, GT, GW, GY, HK, HN, HR, HT, ID, IL, IN, IQ, JM, JO, JP, KE, KH, KI, KM, KN, KR, KW, LA, LB, LC, LK, LR, LS, LY, MA, MC, ME, MG, MH, MK, ML, MO, MR, MU, MV, MW, MX, MY, MZ, NA, NE, NG, NI, NL, NP, NR, NZ, OM, PA, PE, PG, PH, PK, PL, PR, PS, PW, PY, QA, RO, RS, RW, SA, SB, SC, SG, SI, SL, SN, SR, ST, SV, SZ, TD, TG, TH, TL, TN, TO, TT, TV, TW, TZ, UG, US, UY, VC, VE, VN, VU, WS, XK, ZA, ZM, ZW",https://open.spotify.com/album/5F0IQXuHfTV7SBvZVnXERl,1994,330385,55,,FALSE,GBN9X1100015,https://open.spotify.com/track/6bIPHR8AJG5HAcn9oF21Ma,4,track,spotify:track:6bIPHR8AJG5HAcn9oF21Ma,FALSE
Khuda Jaane,Vishal-Shekhar,"filmi, modern bollywood",Bachna Ae Haseeno,single,6,"AR, AU, AT, BE, BO, BR, BG, CA, CL, CO, CR, CY, CZ, DK, DO, DE, EC, EE, SV, FI, FR, GR, GT, HN, HK, HU, IS, IE, IT, LV, LT, LU, MY, MT, MX, NL, NZ, NI, NO, PA, PY, PE, PH, PL, PT, SG, SK, ES, SE, CH, TW, TR, UY, US, GB, AD, LI, MC, ID, JP, TH, VN, RO, IL, ZA, SA, AE, BH, QA, OM, KW, EG, MA, DZ, TN, LB, JO, PS, IN, BY, KZ, MD, UA, AL, BA, HR, ME, MK, RS, SI, KR, BD, PK, LK, GH, KE, NG, TZ, UG, AG, AM, BS, BB, BZ, BT, BW, BF, CV, CW, DM, FJ, GM, GE, GD, GW, GY, HT, JM, KI, LS, LR, MW, MV, ML, MH, FM, NA, NR, NE, PW, PG, PR, WS, SM, ST, SN, SC, SL, SB, KN, LC, VC, SR, TL, TO, TT, TV, VU, AZ, BN, BI, KH, CM, TD, KM, GQ, SZ, GA, GN, KG, LA, MO, MR, MN, NP, RW, TG, UZ, ZW, BJ, MG, MU, MZ, AO, CI, DJ, ZM, CD, CG, IQ, LY, TJ, VE, ET, XK",https://open.spotify.com/album/4mFLdK8SkUo3cx8ERLQC92,05-07-2008,333583,72,,FALSE,INY090800026,https://open.spotify.com/track/0gPgdRfB4jdGrlyXS0Vx78,1,track,spotify:track:0gPgdRfB4jdGrlyXS0Vx78,FALSE
Money In The Grave (Drake ft. Rick Ross),Drake,"canadian hip hop, canadian pop, hip hop, pop rap, rap",The Best In The World Pack,single,2,"AR, AU, AT, BE, BO, BR, BG, CA, CL, CO, CR, CY, CZ, DK, DO, DE, EC, EE, SV, FI, FR, GR, GT, HN, HK, HU, IS, IE, IT, LV, LT, LU, MY, MT, MX, NL, NZ, NI, NO, PA, PY, PE, PH, PL, PT, SG, SK, ES, SE, CH, TW, TR, UY, US, GB, AD, LI, MC, ID, JP, TH, VN, RO, IL, ZA, SA, AE, BH, QA, OM, KW, EG, MA, DZ, TN, LB, JO, PS, IN, KZ, MD, UA, AL, BA, HR, ME, MK, RS, SI, KR, BD, PK, LK, GH, KE, NG, TZ, UG, AG, AM, BS, BB, BZ, BT, BW, CV, CW, DM, FJ, GM, GE, GD, GW, GY, HT, JM, KI, LS, LR, MW, MV, ML, MH, FM, NA, NR, NE, PW, PG, WS, SM, ST, SN, SC, SL, SB, KN, LC, VC, SR, TL, TO, TT, TV, VU, AZ, BI, KH, CM, TD, KM, GQ, SZ, GA, GN, KG, LA, MO, MR, MN, RW, TG, ZW, BJ, MG, MU, MZ, AO, CI, DJ, ZM, CD, CG, IQ, LY, TJ, VE, ET, XK",https://open.spotify.com/album/00HZxSA1sOS9T3nA950sg4,15-06-2019,205426,73,,TRUE,USCM51900318,https://open.spotify.com/track/5ry2OE6R2zPQFDO85XkgRb,2,track,spotify:track:5ry2OE6R2zPQFDO85XkgRb,FALSE
Ykwim,Karan Aujla,"desi hip hop, punjabi pop",Ykwim,single,1,"AR, AU, AT, BE, BO, BR, BG, CA, CL, CO, CR, CY, CZ, DK, DO, DE, EC, EE, SV, FI, FR, GR, GT, HN, HK, HU, IS, IE, IT, LV, LT, LU, MY, MT, MX, NL, NZ, NI, NO, PA, PY, PE, PH, PL, PT, SG, SK, ES, SE, CH, TW, TR, UY, US, GB, AD, LI, MC, ID, JP, TH, VN, RO, IL, ZA, SA, AE, BH, QA, OM, KW, EG, MA, DZ, TN, LB, JO, PS, IN, BY, KZ, MD, UA, AL, BA, HR, ME, MK, RS, SI, KR, BD, PK, LK, GH, KE, NG, TZ, UG, AG, AM, BS, BB, BZ, BT, BW, BF, CV, CW, DM, FJ, GM, GE, GD, GW, GY, HT, JM, KI, LS, LR, MW, MV, ML, MH, FM, NA, NR, NE, PW, PG, PR, WS, SM, ST, SN, SC, SL, SB, KN, LC, VC, SR, TL, TO, TT, TV, VU, AZ, BN, BI, KH, CM, TD, KM, GQ, SZ, GA, GN, KG, LA, MO, MR, MN, NP, RW, TG, UZ, ZW, BJ, MG, MU, MZ, AO, CI, DJ, ZM, CD, CG, IQ, LY, TJ, VE, ET, XK",https://open.spotify.com/album/14XBYP5RcavbvSREiaQ17V,18-01-2022,194857,67,,FALSE,TCAFZ2293686,https://open.spotify.com/track/6qS40yL7kXVoChI8SSCQIQ,1,track,spotify:track:6qS40yL7kXVoChI8SSCQIQ,FALSE
The Great Gig in the Sky,Pink Floyd,"album rock, art rock, classic rock, progressive rock, psychedelic rock, rock, symphonic rock",The Dark Side of the Moon,album,10,"AD, AE, AG, AL, AO, AR, AU, BA, BB, BD, BF, BG, BH, BI, BJ, BN, BO, BR, BS, BT, BW, BZ, CA, CD, CG, CI, CL, CM, CO, CR, CV, CW, DJ, DM, DO, DZ, EC, EG, ET, FJ, FM, FR, GA, GD, GH, GM, GN, GQ, GT, GW, GY, HK, HN, HR, HT, ID, IL, IN, IQ, JM, JO, JP, KE, KH, KI, KM, KN, KR, KW, LA, LB, LC, LK, LR, LS, LY, MA, MC, ME, MG, MH, MK, ML, MO, MR, MU, MV, MW, MX, MY, MZ, NA, NE, NG, NI, NL, NP, NR, NZ, OM, PA, PE, PG, PH, PK, PL, PR, PS, PW, PY, QA, RO, RS, RW, SA, SB, SC, SG, SI, SL, SN, SR, ST, SV, SZ, TD, TG, TH, TL, TN, TO, TT, TV, TW, TZ, UG, US, UY, VC, VE, VN, VU, WS, XK, ZA, ZM, ZW",https://open.spotify.com/album/4LH4d3cOWNNsVw41Gqt2kv,01-03-1973,283872,69,,FALSE,GBN9Y1100080,https://open.spotify.com/track/2TjdnqlpwOjhijHCwHCP2d,5,track,spotify:track:2TjdnqlpwOjhijHCwHCP2d,FALSE
Iris,The Goo Goo Dolls,"neo mellow, permanent wave, pop rock, post-grunge",Dizzy up the Girl,album,13,"AR, AU, AT, BE, BO, BR, BG, CA, CL, CO, CR, CY, CZ, DK, DO, DE, EC, EE, SV, FI, FR, GR, GT, HN, HK, HU, IS, IE, IT, LV, LT, LU, MY, MT, MX, NL, NZ, NI, NO, PA, PY, PE, PH, PL, PT, SG, SK, ES, SE, CH, TW, TR, UY, US, GB, AD, LI, MC, ID, JP, TH, VN, RO, IL, ZA, SA, AE, BH, QA, OM, KW, EG, MA, DZ, TN, LB, JO, PS, IN, BY, KZ, MD, UA, AL, BA, HR, ME, MK, RS, SI, KR, LK, GH, KE, NG, TZ, UG, AG, AM, BS, BB, BZ, BW, BF, CV, CW, DM, FJ, GM, GD, GW, GY, HT, JM, LS, LR, MW, MV, ML, FM, NA, NE, PG, PR, SM, ST, SN, SC, SL, KN, LC, VC, SR, TL, TT, AZ, BN, BI, KH, CM, TD, KM, GQ, SZ, GA, GN, KG, LA, MO, MR, MN, NP, RW, TG, UZ, ZW, BJ, MG, MU, MZ, AO, CI, DJ, ZM, CD, CG, IQ, LY, TJ, VE, ET, XK",https://open.spotify.com/album/4UMjBXcRqIgMZ1XumU2x5T,1998,289533,87,,FALSE,USWB19800160,https://open.spotify.com/track/6Qyc6fS4DsZjB2mRW9DsQs,11,track,spotify:track:6Qyc6fS4DsZjB2mRW9DsQs,FALSE
A Sky Full of Stars,Coldplay,"permanent wave, pop",Ghost Stories,album,9,"AR, AU, AT, BE, BO, BR, BG, CA, CL, CO, CR, CY, CZ, DK, DO, DE, EC, EE, SV, FI, FR, GR, GT, HN, HK, HU, IS, IE, IT, LV, LT, LU, MY, MT, MX, NL, NZ, NI, NO, PA, PY, PE, PH, PL, PT, SG, SK, ES, SE, CH, TW, TR, UY, US, GB, AD, LI, MC, ID, JP, TH, VN, RO, IL, ZA, SA, AE, BH, QA, OM, KW, EG, MA, DZ, TN, LB, JO, PS, IN, BY, KZ, MD, UA, AL, BA, HR, ME, MK, RS, SI, KR, BD, PK, LK, GH, KE, NG, TZ, UG, AG, AM, BS, BB, BZ, BT, BW, BF, CV, CW, DM, FJ, GM, GE, GD, GW, GY, HT, JM, KI, LS, LR, MW, MV, ML, MH, FM, NA, NR, NE, PW, PG, PR, WS, SM, ST, SN, SC, SL, SB, KN, LC, VC, SR, TL, TO, TT, TV, VU, AZ, BN, BI, KH, CM, TD, KM, GQ, SZ, GA, GN, KG, LA, MO, MR, MN, NP, RW, TG, UZ, ZW, BJ, MG, MU, MZ, AO, CI, DJ, ZM, CD, CG, IQ, LY, TJ, VE, ET, XK",https://open.spotify.com/album/2G4AUqfwxcV1UdQjm2ouYr,16-05-2014,267866,84,,FALSE,GBAYE1400217,https://open.spotify.com/track/0FDzzruyVECATHXKHFs9eJ,8,track,spotify:track:0FDzzruyVECATHXKHFs9eJ,FALSE
Beete Lamhein,KK,"filmi, modern bollywood",The Train,album,12,"AR, AU, AT, BE, BO, BR, BG, CA, CL, CO, CR, CY, CZ, DK, DO, DE, EC, EE, SV, FI, FR, GR, GT, HN, HK, HU, IS, IE, IT, LV, LT, LU, MY, MT, MX, NL, NZ, NI, NO, PA, PY, PE, PH, PL, PT, SG, SK, ES, SE, CH, TW, TR, UY, US, GB, AD, LI, MC, ID, JP, TH, VN, RO, IL, ZA, SA, AE, BH, QA, OM, KW, EG, MA, DZ, TN, LB, JO, PS, IN, BY, KZ, MD, UA, AL, BA, HR, ME, MK, RS, SI, KR, BD, PK, LK, GH, KE, NG, TZ, UG, AG, AM, BS, BB, BZ, BT, BW, BF, CV, CW, DM, FJ, GM, GE, GD, GW, GY, HT, JM, KI, LS, LR, MW, MV, ML, MH, FM, NA, NR, NE, PW, PG, PR, WS, SM, ST, SN, SC, SL, SB, KN, LC, VC, SR, TL, TO, TT, TV, VU, AZ, BN, BI, KH, CM, TD, KM, GQ, SZ, GA, GN, KG, LA, MO, MR, MN, NP, RW, TG, UZ, ZW, BJ, MG, MU, MZ, AO, CI, DJ, ZM, CD, CG, IQ, LY, TJ, VE, ET, XK",https://open.spotify.com/album/1GFvChouNq6BNSjhSi6XKP,18-04-2007,298271,63,,FALSE,INS180702210,https://open.spotify.com/track/0zQa7QXLpUZfrrsWbgDZll,2,track,spotify:track:0zQa7QXLpUZfrrsWbgDZll,FALSE
sdp interlude,Travis Scott,"rap, slap house",Birds In The Trap Sing McKnight,album,14,"AR, AU, AT, BE, BO, BR, BG, CA, CL, CO, CR, CY, CZ, DK, DO, DE, EC, EE, SV, FI, FR, GR, GT, HN, HK, HU, IS, IE, IT, LV, LT, LU, MY, MT, MX, NL, NZ, NI, NO, PA, PY, PE, PH, PL, PT, SG, SK, ES, SE, CH, TW, TR, UY, US, GB, AD, LI, MC, ID, JP, TH, VN, RO, IL, ZA, MA, DZ, TN, IN, BY, KZ, MD, UA, AL, BA, HR, ME, MK, RS, SI, KR, BD, PK, LK, GH, KE, NG, TZ, UG, AG, AM, BS, BB, BZ, BT, BW, BF, CV, CW, DM, FJ, GM, GE, GD, GW, GY, HT, JM, KI, LS, LR, MW, MV, ML, MH, FM, NA, NR, NE, PW, PG, PR, WS, SM, ST, SN, SC, SL, SB, KN, LC, VC, SR, TL, TO, TT, TV, VU, AZ, BN, BI, KH, CM, TD, KM, GQ, SZ, GA, GN, KG, LA, MO, MR, MN, NP, RW, TG, UZ, ZW, BJ, MG, MU, MZ, AO, CI, DJ, ZM, CD, CG, TJ, VE, ET, XK",https://open.spotify.com/album/42WVQWuf1teDysXiOupIZt,16-09-2016,191622,79,,TRUE,USSM11607552,https://open.spotify.com/track/4gh0ZnHzaTMT1sDga7Ek0N,6,track,spotify:track:4gh0ZnHzaTMT1sDga7Ek0N,FALSE
Tune Kaha,Prateek Kuhad,"desi pop, folk-pop, hindi indie, indian indie, indian singer-songwriter",Tune Kaha,single,1,"AR, AU, AT, BE, BO, BR, BG, CA, CL, CO, CR, CY, CZ, DK, DO, DE, EC, EE, SV, FI, FR, GR, GT, HN, HK, HU, IS, IE, IT, LV, LT, LU, MY, MT, MX, NL, NZ, NI, NO, PA, PY, PE, PH, PL, PT, SG, SK, ES, SE, CH, TW, TR, UY, US, GB, AD, LI, MC, ID, JP, TH, VN, RO, IL, ZA, SA, AE, BH, QA, OM, KW, EG, MA, DZ, TN, LB, JO, PS, IN, BY, KZ, MD, UA, AL, BA, HR, ME, MK, RS, SI, KR, BD, PK, LK, GH, KE, NG, TZ, UG, AG, AM, BS, BB, BZ, BT, BW, BF, CV, CW, DM, FJ, GM, GE, GD, GW, GY, HT, JM, KI, LS, LR, MW, MV, ML, MH, FM, NA, NR, NE, PW, PG, PR, WS, SM, ST, SN, SC, SL, SB, KN, LC, VC, SR, TL, TO, TT, TV, VU, AZ, BN, BI, KH, CM, TD, KM, GQ, SZ, GA, GN, KG, LA, MO, MR, MN, NP, RW, TG, UZ, ZW, BJ, MG, MU, MZ, AO, CI, DJ, ZM, CD, CG, IQ, LY, TJ, VE, ET, XK",https://open.spotify.com/album/1sXF26ED1bQT76rFEvPwaP,22-02-2016,216885,48,,FALSE,uscgh1647832,https://open.spotify.com/track/1gWtHDe403RuyZqhvSRcv8,1,track,spotify:track:1gWtHDe403RuyZqhvSRcv8,FALSE
Raat Raazi,Prateek Kuhad,"desi pop, folk-pop, hindi indie, indian indie, indian singer-songwriter",Raat Raazi,single,5,"AR, AU, AT, BE, BO, BR, BG, CA, CL, CO, CR, CY, CZ, DK, DO, DE, EC, EE, SV, FI, FR, GR, GT, HN, HK, HU, IS, IE, IT, LV, LT, LU, MY, MT, MX, NL, NZ, NI, NO, PA, PY, PE, PH, PL, PT, SG, SK, ES, SE, CH, TW, TR, UY, US, GB, AD, LI, MC, ID, JP, TH, VN, RO, IL, ZA, SA, AE, BH, QA, OM, KW, EG, MA, DZ, TN, LB, JO, PS, IN, BY, KZ, MD, UA, AL, BA, HR, ME, MK, RS, SI, KR, BD, PK, LK, GH, KE, NG, TZ, UG, AG, AM, BS, BB, BZ, BT, BW, BF, CV, CW, DM, FJ, GM, GE, GD, GW, GY, HT, JM, KI, LS, LR, MW, MV, ML, MH, FM, NA, NR, NE, PW, PG, PR, WS, SM, ST, SN, SC, SL, SB, KN, LC, VC, SR, TL, TO, TT, TV, VU, AZ, BN, BI, KH, CM, TD, KM, GQ, SZ, GA, GN, KG, LA, MO, MR, MN, NP, RW, TG, UZ, ZW, BJ, MG, MU, MZ, AO, CI, DJ, ZM, CD, CG, IQ, LY, TJ, VE, ET, XK",https://open.spotify.com/album/1NXnsvZo84AqoWOH9W4Sez,18-08-2013,286956,34,,FALSE,INO131300067,https://open.spotify.com/track/3k458zzqcF9UeRfZqRbZYr,2,track,spotify:track:3k458zzqcF9UeRfZqRbZYr,FALSE
"Annihilate (Spider-Man: Across the Spider-Verse) (Metro Boomin & Swae Lee, Lil Wayne, Offset)",Metro Boomin,rap,METRO BOOMIN PRESENTS SPIDER-MAN: ACROSS THE SPIDER-VERSE (SOUNDTRACK FROM AND INSPIRED BY THE MOTION PICTURE),album,13,"AR, AU, AT, BE, BO, BR, BG, CA, CL, CO, CR, CY, CZ, DK, DO, DE, EC, EE, SV, FI, FR, GR, GT, HN, HK, HU, IS, IE, IT, LV, LT, LU, MY, MT, MX, NL, NZ, NI, NO, PA, PY, PE, PH, PL, PT, SG, SK, ES, SE, CH, TW, TR, UY, US, GB, AD, LI, MC, ID, JP, TH, VN, RO, IL, ZA, SA, AE, BH, QA, OM, KW, EG, MA, DZ, TN, LB, JO, PS, IN, KZ, MD, UA, AL, BA, HR, ME, MK, RS, SI, KR, BD, PK, LK, GH, KE, NG, TZ, UG, AG, AM, BS, BB, BZ, BT, BW, BF, CV, CW, DM, FJ, GM, GE, GD, GW, GY, HT, JM, KI, LS, LR, MW, MV, ML, MH, FM, NA, NR, NE, PW, PG, WS, SM, ST, SN, SC, SL, SB, KN, LC, VC, SR, TL, TO, TT, TV, VU, AZ, BN, BI, KH, CM, TD, KM, GQ, SZ, GA, GN, KG, LA, MO, MR, MN, NP, RW, TG, UZ, ZW, BJ, MG, MU, MZ, AO, CI, DJ, ZM, CD, CG, IQ, LY, TJ, VE, ET, XK",https://open.spotify.com/album/1bwbZJ6khPJyVpOaqgKsoZ,02-06-2023,231746,70,,FALSE,USUM72308539,https://open.spotify.com/track/39MK3d3fonIP8Mz9oHCTBB,1,track,spotify:track:39MK3d3fonIP8Mz9oHCTBB,FALSE
Apocalypse,Cigarettes After Sex,"ambient pop, dream pop, el paso indie, shoegaze",Cigarettes After Sex,album,10,"AR, AT, BE, BO, BR, BG, CA, CL, CO, CR, CY, CZ, DK, DO, DE, EC, EE, SV, FI, FR, GR, GT, HN, HK, HU, IS, IE, IT, LV, LT, LU, MY, MT, MX, NL, NI, NO, PA, PY, PE, PH, PL, PT, SG, SK, ES, SE, CH, TW, TR, UY, US, GB, AD, LI, MC, ID, JP, TH, VN, RO, IL, ZA, SA, AE, BH, QA, OM, KW, EG, MA, DZ, TN, LB, JO, PS, IN, BY, KZ, MD, UA, AL, BA, HR, ME, MK, RS, SI, KR, BD, PK, LK, GH, KE, NG, TZ, UG, AG, AM, BS, BB, BZ, BT, BW, BF, CV, CW, DM, FJ, GM, GE, GD, GW, GY, HT, JM, KI, LS, LR, MW, MV, ML, MH, FM, NA, NR, NE, PW, PG, PR, WS, SM, ST, SN, SC, SL, SB, KN, LC, VC, SR, TL, TO, TT, TV, VU, AZ, BN, BI, KH, CM, TD, KM, GQ, SZ, GA, GN, KG, LA, MO, MR, MN, NP, RW, TG, UZ, ZW, BJ, MG, MU, MZ, AO, CI, DJ, ZM, CD, CG, IQ, LY, TJ, VE, ET, XK",https://open.spotify.com/album/2mxFsS5yylSTHNivV53HoA,09-06-2017,290616,87,,FALSE,USBQU1700034,https://open.spotify.com/track/0yc6Gst2xkRu0eMLeRMGCX,4,track,spotify:track:0yc6Gst2xkRu0eMLeRMGCX,FALSE
Kasoor,Prateek Kuhad,"desi pop, folk-pop, hindi indie, indian indie, indian singer-songwriter",Kasoor,single,1,"AR, AU, AT, BE, BO, BR, BG, CA, CL, CO, CR, CY, CZ, DK, DO, DE, EC, EE, SV, FI, FR, GR, GT, HN, HK, HU, IS, IE, IT, LV, LT, LU, MY, MT, MX, NL, NZ, NI, NO, PA, PY, PE, PH, PL, PT, SG, SK, ES, SE, CH, TW, TR, UY, US, GB, AD, LI, MC, ID, JP, TH, VN, RO, IL, ZA, SA, AE, BH, QA, OM, KW, EG, MA, DZ, TN, LB, JO, PS, IN, BY, KZ, MD, UA, AL, BA, HR, ME, MK, RS, SI, KR, BD, PK, LK, GH, KE, NG, TZ, UG, AG, AM, BS, BB, BZ, BT, BW, BF, CV, CW, DM, FJ, GM, GE, GD, GW, GY, HT, JM, KI, LS, LR, MW, MV, ML, MH, FM, NA, NR, NE, PW, PG, PR, WS, SM, ST, SN, SC, SL, SB, KN, LC, VC, SR, TL, TO, TT, TV, VU, AZ, BN, BI, KH, CM, TD, KM, GQ, SZ, GA, GN, KG, LA, MO, MR, MN, NP, RW, TG, UZ, ZW, BJ, MG, MU, MZ, AO, CI, DJ, ZM, CD, CG, IQ, LY, TJ, VE, ET, XK",https://open.spotify.com/album/7rHLltVNJFnZyNIas91XbT,30-06-2020,197549,62,,FALSE,FRX202024247,https://open.spotify.com/track/08kTa3SL9sV6Iy8KLKtGql,1,track,spotify:track:08kTa3SL9sV6Iy8KLKtGql,FALSE
The Color Violet,Tory Lanez,"canadian hip hop, canadian trap, melodic rap, pop rap, r&b, rap, trap",Alone At Prom,album,11,"AR, AU, AT, BE, BO, BR, BG, CA, CL, CO, CR, CY, CZ, DK, DO, DE, EC, EE, SV, FI, FR, GR, GT, HN, HK, HU, IS, IE, IT, LV, LT, LU, MY, MT, MX, NL, NZ, NI, NO, PA, PY, PE, PH, PL, PT, SG, SK, ES, SE, CH, TW, TR, UY, US, GB, AD, LI, MC, ID, JP, TH, VN, RO, IL, ZA, SA, AE, BH, QA, OM, KW, EG, MA, DZ, TN, LB, JO, PS, IN, BY, KZ, MD, UA, AL, BA, HR, ME, MK, RS, SI, KR, BD, PK, LK, GH, KE, NG, TZ, UG, AG, AM, BS, BB, BZ, BT, BW, BF, CV, CW, DM, FJ, GM, GE, GD, GW, GY, HT, JM, KI, LS, LR, MW, MV, ML, MH, FM, NA, NR, NE, PW, PG, PR, WS, SM, ST, SN, SC, SL, SB, KN, LC, VC, SR, TL, TO, TT, TV, VU, AZ, BN, BI, KH, CM, TD, KM, GQ, SZ, GA, GN, KG, LA, MO, MR, MN, NP, RW, TG, UZ, ZW, BJ, MG, MU, MZ, AO, CI, DJ, ZM, CD, CG, IQ, LY, TJ, VE, ET, XK",https://open.spotify.com/album/5Gm2XKBgnlzd6qTi7LE1z2,10-12-2021,226466,83,,FALSE,QZTGW2100275,https://open.spotify.com/track/3azJifCSqg9fRij2yKIbWz,4,track,spotify:track:3azJifCSqg9fRij2yKIbWz,FALSE
I Was Never There,The Weeknd,"canadian contemporary r&b, canadian pop, pop","My Dear Melancholy,",album,7,"AR, AU, AT, BE, BO, BR, BG, CA, CL, CO, CR, CY, CZ, DK, DO, DE, EC, EE, SV, FI, FR, GR, GT, HN, HK, HU, IS, IE, IT, LV, LT, LU, MY, MT, MX, NL, NZ, NI, NO, PA, PY, PE, PH, PL, PT, SG, SK, ES, SE, CH, TW, TR, UY, US, GB, AD, LI, MC, ID, JP, TH, VN, RO, IL, ZA, SA, AE, BH, QA, OM, KW, EG, MA, DZ, TN, LB, JO, PS, IN, KZ, MD, UA, AL, BA, HR, ME, MK, RS, SI, KR, BD, PK, LK, GH, KE, NG, TZ, UG, AG, AM, BS, BB, BZ, BT, BW, BF, CV, CW, DM, FJ, GM, GE, GD, GW, GY, HT, JM, KI, LS, LR, MW, MV, ML, MH, FM, NA, NR, NE, PW, PG, WS, SM, ST, SN, SC, SL, SB, KN, LC, VC, SR, TL, TO, TT, TV, VU, AZ, BN, BI, KH, CM, TD, KM, GQ, SZ, GA, GN, KG, LA, MO, MR, MN, NP, RW, TG, UZ, ZW, BJ, MG, MU, MZ, AO, CI, DJ, ZM, CD, CG, IQ, LY, TJ, VE, ET, XK",https://open.spotify.com/album/4qZBW3f2Q8y0k1A84d4iAO,30-03-2018,241066,81,,FALSE,USUG11800570,https://open.spotify.com/track/1cKHdTo9u0ZymJdPGSh6nq,4,track,spotify:track:1cKHdTo9u0ZymJdPGSh6nq,FALSE
Pagol,Deep Jandu,"desi hip hop, punjabi hip hop, punjabi pop",Pagol,single,1,"AR, AU, AT, BE, BO, BR, BG, CA, CL, CO, CR, CY, CZ, DK, DO, DE, EC, EE, SV, FI, FR, GR, GT, HN, HK, HU, IS, IE, IT, LV, LT, LU, MY, MT, MX, NL, NZ, NI, NO, PA, PY, PE, PH, PL, PT, SG, SK, ES, SE, CH, TW, TR, UY, US, GB, AD, LI, MC, ID, JP, TH, VN, RO, IL, ZA, SA, AE, BH, QA, OM, KW, EG, MA, DZ, TN, LB, JO, PS, IN, BY, KZ, MD, UA, AL, BA, HR, ME, MK, RS, SI, KR, BD, PK, LK, GH, KE, NG, TZ, UG, AG, AM, BS, BB, BZ, BT, BW, BF, CV, CW, DM, FJ, GM, GE, GD, GW, GY, HT, JM, KI, LS, LR, MW, MV, ML, MH, FM, NA, NR, NE, PW, PG, PR, WS, SM, ST, SN, SC, SL, SB, KN, LC, VC, SR, TL, TO, TT, TV, VU, AZ, BN, BI, KH, CM, TD, KM, GQ, SZ, GA, GN, KG, LA, MO, MR, MN, NP, RW, TG, UZ, ZW, BJ, MG, MU, MZ, AO, CI, DJ, ZM, CD, CG, IQ, LY, TJ, VE, ET, XK",https://open.spotify.com/album/3P5a2FJ0k7RWBlWKWSl5T7,2019,219335,62,,FALSE,CA3SS1932001,https://open.spotify.com/track/7MpfARGQRFqZxHEWLBjDkx,1,track,spotify:track:7MpfARGQRFqZxHEWLBjDkx,FALSE
Son Of A Gun,Key Glock,"memphis hip hop, rap, southern hip hop, tennessee hip hop, trap",Son Of A Gun,album,15,"AR, AU, AT, BE, BO, BR, BG, CA, CL, CO, CR, CY, CZ, DK, DO, DE, EC, EE, SV, FI, FR, GR, GT, HN, HK, HU, IS, IE, IT, LV, LT, LU, MY, MT, MX, NL, NZ, NI, NO, PA, PY, PE, PH, PL, PT, SG, SK, ES, SE, CH, TW, TR, UY, US, GB, AD, LI, MC, ID, JP, TH, VN, RO, IL, ZA, SA, AE, BH, QA, OM, KW, EG, MA, DZ, TN, LB, JO, PS, IN, BY, KZ, MD, UA, AL, BA, HR, ME, MK, RS, SI, KR, BD, PK, LK, GH, KE, NG, TZ, UG, AG, AM, BS, BB, BZ, BT, BW, BF, CV, CW, DM, FJ, GM, GE, GD, GW, GY, HT, JM, KI, LS, LR, MW, MV, ML, MH, FM, NA, NR, NE, PW, PG, PR, WS, SM, ST, SN, SC, SL, SB, KN, LC, VC, SR, TL, TO, TT, TV, VU, AZ, BN, BI, KH, CM, TD, KM, GQ, SZ, GA, GN, KG, LA, MO, MR, MN, NP, RW, TG, UZ, ZW, BJ, MG, MU, MZ, AO, CI, DJ, ZM, CD, CG, IQ, LY, TJ, VE, ET, XK",https://open.spotify.com/album/14QMSPjwCAdA2qr6rKUXSs,22-05-2020,106826,64,,TRUE,USUYG1314381,https://open.spotify.com/track/5ClRKRmW1p6RQcdwzY1kNJ,1,track,spotify:track:5ClRKRmW1p6RQcdwzY1kNJ,FALSE
Borderline,Tame Impala,"australian psych, modern rock, neo-psychedelic, rock",The Slow Rush,album,12,"AR, AU, AT, BE, BO, BR, BG, CA, CL, CO, CR, CY, CZ, DK, DO, DE, EC, EE, SV, FI, FR, GR, GT, HN, HK, HU, IS, IE, IT, LV, LT, LU, MY, MT, MX, NL, NZ, NI, NO, PA, PY, PE, PH, PL, PT, SG, SK, ES, SE, CH, TW, TR, UY, US, GB, AD, LI, MC, ID, JP, TH, VN, RO, IL, ZA, SA, AE, BH, QA, OM, KW, EG, MA, DZ, TN, LB, JO, PS, IN, BY, KZ, MD, UA, AL, BA, HR, ME, MK, RS, SI, KR, BD, PK, LK, GH, KE, NG, TZ, UG, AG, AM, BS, BB, BZ, BT, BW, BF, CV, CW, DM, FJ, GM, GE, GD, GW, GY, HT, JM, KI, LS, LR, MW, MV, ML, MH, FM, NA, NR, NE, PW, PG, WS, SM, ST, SN, SC, SL, SB, KN, LC, VC, SR, TL, TO, TT, TV, VU, AZ, BN, BI, KH, CM, TD, KM, GQ, SZ, GA, GN, KG, LA, MO, MR, MN, NP, RW, TG, UZ, ZW, BJ, MG, MU, MZ, AO, CI, DJ, ZM, CD, CG, IQ, LY, TJ, VE, ET, XK",https://open.spotify.com/album/31qVWUdRrlb8thMvts0yYL,14-02-2020,237800,79,,FALSE,AUUM71900956,https://open.spotify.com/track/5hM5arv9KDbCHS0k9uqwjr,3,track,spotify:track:5hM5arv9KDbCHS0k9uqwjr,FALSE
Creep,Radiohead,"alternative rock, art rock, melancholia, oxford indie, permanent wave, rock",Pablo Honey,album,12,"AR, AU, AT, BE, BO, BR, BG, CA, CL, CO, CR, CY, CZ, DK, DO, DE, EC, EE, SV, FI, FR, GR, GT, HN, HK, HU, IS, IE, IT, LV, LT, LU, MY, MT, MX, NL, NZ, NI, NO, PA, PY, PE, PH, PL, PT, SG, SK, ES, SE, CH, TW, TR, UY, US, GB, AD, LI, MC, ID, JP, TH, VN, RO, IL, ZA, SA, AE, BH, QA, OM, KW, EG, MA, DZ, TN, LB, JO, PS, IN, BY, KZ, MD, UA, AL, BA, HR, ME, MK, RS, SI, KR, BD, PK, LK, GH, KE, NG, TZ, UG, AG, AM, BS, BB, BZ, BT, BW, BF, CV, CW, DM, FJ, GM, GE, GD, GW, GY, HT, JM, KI, LS, LR, MW, MV, ML, MH, FM, NA, NR, NE, PW, PG, PR, WS, SM, ST, SN, SC, SL, SB, KN, LC, VC, SR, TL, TO, TT, TV, VU, AZ, BN, BI, KH, CM, TD, KM, GQ, SZ, GA, GN, KG, LA, MO, MR, MN, NP, RW, TG, UZ, ZW, BJ, MG, MU, MZ, AO, CI, DJ, ZM, CD, CG, IQ, LY, TJ, VE, ET, XK",https://open.spotify.com/album/3gBVdu4a1MMJVMy6vwPEb8,22-02-1993,238640,86,,TRUE,GBAYE9200070,https://open.spotify.com/track/70LcF31zb1H0PyJoS1Sx1r,2,track,spotify:track:70LcF31zb1H0PyJoS1Sx1r,FALSE
We Don't Talk Anymore (feat. Selena Gomez),Charlie Puth,"pop, viral pop",Nine Track Mind,album,13,"AR, AU, AT, BE, BO, BR, BG, CL, CO, CR, CY, CZ, DK, DO, DE, EC, EE, SV, FI, FR, GR, GT, HN, HK, HU, IE, IT, LV, LT, LU, MY, MT, MX, NL, NZ, NI, NO, PA, PY, PE, PH, PL, PT, SG, SK, ES, SE, CH, TW, TR, UY, LI, ID, JP, TH, VN, RO, IL, ZA, SA, AE, BH, QA, OM, KW, EG, MA, DZ, TN, LB, JO, PS, IN, BY, KZ, MD, UA, AL, BA, HR, ME, MK, RS, SI, KR, BD, PK, LK, GH, KE, NG, UG, AG, AM, BS, BB, BZ, BW, BF, CV, CW, DM, FJ, GM, GD, GW, HT, JM, FM, NA, NE, PG, PR, KN, LC, VC, TL, TT, AZ, BN, KH, TD, SZ, KG, LA, MO, MN, NP, UZ, ZW, MU, MZ, IQ, LY, TJ, VE, XK",https://open.spotify.com/album/5Nwsra93UQYJ6xxcjcE10x,29-01-2016,217706,76,,FALSE,USAT21502909,https://open.spotify.com/track/06KyNuuMOX1ROXRhj787tj,5,track,spotify:track:06KyNuuMOX1ROXRhj787tj,FALSE
Square Hammer,Ghost,"hard rock, metal",Meliora (Deluxe Edition),album,15,"AR, AU, AT, BE, BO, BR, BG, CL, CO, CR, CY, CZ, DO, DE, EC, EE, SV, FR, GR, GT, HN, HK, HU, IE, IT, LV, LT, LU, MY, MT, NL, NZ, NI, PA, PY, PE, PH, PL, PT, SG, SK, ES, CH, TW, TR, UY, GB, AD, LI, MC, ID, JP, TH, VN, RO, IL, ZA, SA, AE, BH, QA, OM, KW, EG, MA, DZ, TN, LB, JO, PS, IN, BY, KZ, MD, UA, AL, BA, HR, ME, MK, RS, SI, KR, BD, PK, LK, GH, KE, NG, TZ, UG, AG, AM, BS, BB, BZ, BT, BW, BF, CV, CW, DM, FJ, GM, GE, GD, GW, GY, HT, JM, KI, LS, LR, MW, MV, ML, MH, FM, NA, NR, NE, PW, PG, WS, SM, ST, SN, SC, SL, SB, KN, LC, VC, SR, TL, TO, TT, TV, VU, AZ, BN, BI, KH, CM, TD, KM, GQ, SZ, GA, GN, KG, LA, MO, MR, MN, NP, RW, TG, UZ, ZW, BJ, MG, MU, MZ, AO, CI, DJ, ZM, CD, CG, IQ, LY, TJ, VE, ET, XK",https://open.spotify.com/album/2uaQ1K2eSqaWeVQRXeuGdN,16-09-2016,239293,63,,FALSE,USC4R1601938,https://open.spotify.com/track/5TNhjanmvwvmjCz2WYwSAv,1,track,spotify:track:5TNhjanmvwvmjCz2WYwSAv,FALSE
"Kya Mujhe Pyar Hai (From ""Woh Lamhe"")",KK,"filmi, modern bollywood",Evergreen Hits Of K.K.,compilation,15,"AR, AU, AT, BE, BO, BR, BG, CA, CL, CO, CR, CY, CZ, DK, DO, DE, EC, EE, SV, FI, FR, GR, GT, HN, HK, HU, IS, IE, IT, LV, LT, LU, MY, MT, MX, NL, NZ, NI, NO, PA, PY, PE, PH, PL, PT, SG, SK, ES, SE, CH, TW, TR, UY, US, GB, AD, LI, MC, ID, JP, TH, VN, RO, IL, ZA, SA, AE, BH, QA, OM, KW, EG, MA, DZ, TN, LB, JO, PS, IN, BY, KZ, MD, UA, AL, BA, HR, ME, MK, RS, SI, KR, BD, PK, LK, GH, KE, NG, TZ, UG, AG, AM, BS, BB, BZ, BT, BW, BF, CV, CW, DM, FJ, GM, GE, GD, GW, GY, HT, JM, KI, LS, LR, MW, MV, ML, MH, FM, NA, NR, NE, PW, PG, PR, WS, SM, ST, SN, SC, SL, SB, KN, LC, VC, SR, TL, TO, TT, TV, VU, AZ, BN, BI, KH, CM, TD, KM, GQ, SZ, GA, GN, KG, LA, MO, MR, MN, NP, RW, TG, UZ, ZW, BJ, MG, MU, MZ, AO, CI, DJ, ZM, CD, CG, IQ, LY, TJ, VE, ET, XK",https://open.spotify.com/album/1dG5jJAa3ZiSWnpVd2uPao,01-06-2022,266653,66,,FALSE,INS180602902,https://open.spotify.com/track/7fW9J3EpVWVN1ouv0slAs0,1,track,spotify:track:7fW9J3EpVWVN1ouv0slAs0,FALSE
Somewhere I Belong,Linkin Park,"alternative metal, nu metal, post-grunge, rap metal, rock",Meteora (Bonus Edition),album,16,"AR, AU, AT, BE, BO, BR, BG, CL, CO, CR, CY, CZ, DK, DO, DE, EC, EE, SV, FI, FR, GR, GT, HN, HK, HU, IS, IE, IT, LV, LT, LU, MY, MT, MX, NL, NZ, NI, NO, PA, PY, PE, PH, PL, PT, SG, SK, ES, SE, CH, TW, TR, UY, GB, AD, LI, MC, ID, JP, TH, VN, RO, IL, ZA, SA, AE, BH, QA, OM, KW, EG, MA, DZ, TN, LB, JO, PS, IN, BY, KZ, MD, UA, AL, BA, HR, ME, MK, RS, SI, KR, BD, PK, LK, GH, KE, NG, TZ, UG, AG, AM, BS, BB, BZ, BT, BW, BF, CV, CW, DM, FJ, GM, GE, GD, GW, GY, HT, JM, KI, LS, LR, MW, MV, ML, MH, FM, NA, NR, NE, PW, PG, WS, SM, ST, SN, SC, SL, SB, KN, LC, VC, SR, TL, TO, TT, TV, VU, AZ, BN, BI, KH, CM, TD, KM, GQ, SZ, GA, GN, KG, LA, MO, MR, MN, NP, RW, TG, UZ, ZW, BJ, MG, MU, MZ, AO, CI, DJ, ZM, CD, CG, IQ, LY, TJ, VE, ET, XK",https://open.spotify.com/album/0f7R0jf0pcTb6K6IVVPcMD,16-09-2003,213933,77,,FALSE,USWB10300376,https://open.spotify.com/track/3fjmSxt0PskST13CSdBUFx,3,track,spotify:track:3fjmSxt0PskST13CSdBUFx,FALSE
FE!N (feat. Playboi Carti),Travis Scott,"rap, slap house",UTOPIA,album,19,"AR, AU, AT, BE, BO, BR, BG, CA, CL, CO, CR, CY, CZ, DK, DO, DE, EC, EE, SV, FI, FR, GR, GT, HN, HK, HU, IS, IE, IT, LV, LT, LU, MY, MT, MX, NL, NZ, NI, NO, PA, PY, PE, PH, PL, PT, SG, SK, ES, SE, CH, TW, TR, UY, US, GB, AD, LI, MC, ID, JP, TH, VN, RO, IL, ZA, SA, AE, BH, QA, OM, KW, EG, MA, DZ, TN, LB, JO, PS, IN, BY, KZ, MD, UA, AL, BA, HR, ME, MK, RS, SI, KR, BD, PK, LK, GH, KE, NG, TZ, UG, AG, AM, BS, BB, BZ, BT, BW, BF, CV, CW, DM, FJ, GM, GE, GD, GW, GY, HT, JM, KI, LS, LR, MW, MV, ML, MH, FM, NA, NR, NE, PW, PG, PR, WS, SM, ST, SN, SC, SL, SB, KN, LC, VC, SR, TL, TO, TT, TV, VU, AZ, BN, BI, KH, CM, TD, KM, GQ, SZ, GA, GN, KG, LA, MO, MR, MN, NP, RW, TG, UZ, ZW, BJ, MG, MU, MZ, AO, CI, DJ, ZM, CD, CG, IQ, LY, TJ, VE, ET, XK",https://open.spotify.com/album/18NOKLkZETa4sWwLMIm0UZ,28-07-2023,191700,87,,TRUE,USSM12305010,https://open.spotify.com/track/42VsgItocQwOQC3XWZ8JNA,8,track,spotify:track:42VsgItocQwOQC3XWZ8JNA,FALSE
Us and Them,Pink Floyd,"album rock, art rock, classic rock, progressive rock, psychedelic rock, rock, symphonic rock",The Dark Side of the Moon,album,10,"AD, AE, AG, AL, AO, AR, AU, BA, BB, BD, BF, BG, BH, BI, BJ, BN, BO, BR, BS, BT, BW, BZ, CA, CD, CG, CI, CL, CM, CO, CR, CV, CW, DJ, DM, DO, DZ, EC, EG, ET, FJ, FM, FR, GA, GD, GH, GM, GN, GQ, GT, GW, GY, HK, HN, HR, HT, ID, IL, IN, IQ, JM, JO, JP, KE, KH, KI, KM, KN, KR, KW, LA, LB, LC, LK, LR, LS, LY, MA, MC, ME, MG, MH, MK, ML, MO, MR, MU, MV, MW, MX, MY, MZ, NA, NE, NG, NI, NL, NP, NR, NZ, OM, PA, PE, PG, PH, PK, PL, PR, PS, PW, PY, QA, RO, RS, RW, SA, SB, SC, SG, SI, SL, SN, SR, ST, SV, SZ, TD, TG, TH, TL, TN, TO, TT, TV, TW, TZ, UG, US, UY, VC, VE, VN, VU, WS, XK, ZA, ZM, ZW",https://open.spotify.com/album/4LH4d3cOWNNsVw41Gqt2kv,01-03-1973,469224,64,,FALSE,GBN9Y1100082,https://open.spotify.com/track/1TKTiKp3zbNgrBH2IwSwIx,7,track,spotify:track:1TKTiKp3zbNgrBH2IwSwIx,FALSE
Insane,AP Dhillon,"desi hip hop, desi pop, punjabi hip hop, punjabi pop",Insane,single,1,"AR, AU, AT, BE, BO, BR, BG, CA, CL, CO, CR, CY, CZ, DK, DO, DE, EC, EE, SV, FI, FR, GR, GT, HN, HK, HU, IS, IE, IT, LV, LT, LU, MY, MT, MX, NL, NZ, NI, NO, PA, PY, PE, PH, PL, PT, SG, SK, ES, SE, CH, TW, TR, UY, US, GB, AD, LI, MC, ID, JP, TH, VN, RO, IL, ZA, SA, AE, BH, QA, OM, KW, EG, MA, DZ, TN, LB, JO, PS, IN, BY, KZ, MD, UA, AL, BA, HR, ME, MK, RS, SI, KR, BD, PK, LK, GH, KE, NG, TZ, UG, AG, AM, BS, BB, BZ, BT, BW, BF, CV, CW, DM, FJ, GM, GE, GD, GW, GY, HT, JM, KI, LS, LR, MW, MV, ML, MH, FM, NA, NR, NE, PW, PG, PR, WS, SM, ST, SN, SC, SL, SB, KN, LC, VC, SR, TL, TO, TT, TV, VU, AZ, BN, BI, KH, CM, TD, KM, GQ, SZ, GA, GN, KG, LA, MO, MR, MN, NP, RW, TG, UZ, ZW, BJ, MG, MU, MZ, AO, CI, DJ, ZM, CD, CG, IQ, LY, TJ, VE, ET, XK",https://open.spotify.com/album/6EaHaUoczRLrDl5uqxSFW3,16-04-2021,206060,65,,FALSE,TCAFN2107496,https://open.spotify.com/track/3UhmuWcFaLS3AO3kI9ynQ2,1,track,spotify:track:3UhmuWcFaLS3AO3kI9ynQ2,FALSE
Lover,Diljit Dosanjh,"filmi, modern bollywood, punjabi pop",MoonChild Era,album,9,"AR, AU, AT, BE, BO, BR, BG, CA, CL, CO, CR, CY, CZ, DK, DO, DE, EC, EE, SV, FI, FR, GR, GT, HN, HK, HU, IS, IE, IT, LV, LT, LU, MY, MT, MX, NL, NZ, NI, NO, PA, PY, PE, PH, PL, PT, SG, SK, ES, SE, CH, TW, TR, UY, US, GB, AD, LI, MC, ID, JP, TH, VN, RO, IL, ZA, SA, AE, BH, QA, OM, KW, EG, MA, DZ, TN, LB, JO, PS, IN, BY, KZ, MD, UA, AL, BA, HR, ME, MK, RS, SI, KR, BD, PK, LK, GH, KE, NG, TZ, UG, AG, AM, BS, BB, BZ, BT, BW, BF, CV, CW, DM, FJ, GM, GE, GD, GW, GY, HT, JM, KI, LS, LR, MW, MV, ML, MH, FM, NA, NR, NE, PW, PG, PR, WS, SM, ST, SN, SC, SL, SB, KN, LC, VC, SR, TL, TO, TT, TV, VU, AZ, BN, BI, KH, CM, TD, KM, GQ, SZ, GA, GN, KG, LA, MO, MR, MN, NP, RW, TG, UZ, ZW, BJ, MG, MU, MZ, AO, CI, DJ, ZM, CD, CG, IQ, LY, TJ, VE, ET, XK",https://open.spotify.com/album/0zV96rKdfWliVHNBpAsd2b,22-08-2021,190000,68,,FALSE,TCAFS2127322,https://open.spotify.com/track/0XwRlvv3KlOu4HWlOH34XG,6,track,spotify:track:0XwRlvv3KlOu4HWlOH34XG,FALSE
Popular (with Playboi Carti & Madonna) - From The Idol Vol. 1 (Music from the HBO Original Series),The Weeknd,"canadian contemporary r&b, canadian pop, pop",Popular (Music from the HBO Original Series),single,1,"AR, AU, AT, BE, BO, BR, BG, CA, CL, CO, CR, CY, CZ, DK, DO, DE, EC, EE, SV, FI, FR, GR, GT, HN, HK, HU, IS, IE, IT, LV, LT, LU, MY, MT, MX, NL, NZ, NI, NO, PA, PY, PE, PH, PL, PT, SG, SK, ES, SE, CH, TW, TR, UY, US, GB, AD, LI, MC, ID, JP, TH, VN, RO, IL, ZA, SA, AE, BH, QA, OM, KW, EG, MA, DZ, TN, LB, JO, PS, IN, KZ, MD, UA, AL, BA, HR, ME, MK, RS, SI, KR, BD, PK, LK, GH, KE, NG, TZ, UG, AG, AM, BS, BB, BZ, BT, BW, BF, CV, CW, DM, FJ, GM, GE, GD, GW, GY, HT, JM, KI, LS, LR, MW, MV, ML, MH, FM, NA, NR, NE, PW, PG, WS, SM, ST, SN, SC, SL, SB, KN, LC, VC, SR, TL, TO, TT, TV, VU, AZ, BN, BI, KH, CM, TD, KM, GQ, SZ, GA, GN, KG, LA, MO, MR, MN, NP, RW, TG, UZ, ZW, BJ, MG, MU, MZ, AO, CI, DJ, ZM, CD, CG, IQ, LY, TJ, VE, ET, XK",https://open.spotify.com/album/5O0zUvdnJr0RbWzLFneN2i,02-06-2023,215466,82,,TRUE,USUG12303876,https://open.spotify.com/track/6WzRpISELf3YglGAh7TXcG,1,track,spotify:track:6WzRpISELf3YglGAh7TXcG,FALSE
Shivers,Ed Sheeran,"pop, singer-songwriter pop, uk pop",=,album,14,"AR, AU, AT, BE, BO, BR, BG, CA, CL, CO, CR, CY, CZ, DK, DO, DE, EC, EE, SV, FI, FR, GR, GT, HN, HK, HU, IS, IE, IT, LV, LT, LU, MY, MT, MX, NL, NZ, NI, NO, PA, PY, PE, PH, PL, PT, SG, SK, ES, SE, CH, TW, TR, UY, US, GB, AD, LI, MC, ID, JP, TH, VN, RO, IL, ZA, SA, AE, BH, QA, OM, KW, EG, MA, DZ, TN, LB, JO, PS, IN, BY, KZ, MD, UA, AL, BA, HR, ME, MK, RS, SI, KR, BD, PK, LK, GH, KE, NG, TZ, UG, AG, AM, BS, BB, BZ, BT, BW, BF, CV, CW, DM, FJ, GM, GE, GD, GW, GY, HT, JM, KI, LS, LR, MW, MV, ML, MH, FM, NA, NR, NE, PW, PG, PR, WS, SM, ST, SN, SC, SL, SB, KN, LC, VC, SR, TL, TO, TT, TV, VU, AZ, BN, BI, KH, CM, TD, KM, GQ, SZ, GA, GN, KG, LA, MO, MR, MN, NP, RW, TG, UZ, ZW, BJ, MG, MU, MZ, AO, CI, DJ, ZM, CD, CG, IQ, LY, TJ, VE, ET, XK",https://open.spotify.com/album/32iAEBstCjauDhyKpGjTuq,25-10-2021,207853,82,,FALSE,GBAHS2100671,https://open.spotify.com/track/50nfwKoDiSYg8zOCREWAm5,2,track,spotify:track:50nfwKoDiSYg8zOCREWAm5,FALSE
Apologize,OneRepublic,"piano rock, pop",Dreaming Out Loud,album,14,"AR, AU, AT, BE, BO, BR, BG, CL, CO, CR, CY, CZ, DK, DO, DE, EC, EE, SV, FI, FR, GR, GT, HN, HK, HU, IS, IE, IT, LV, LT, LU, MY, MT, NL, NZ, NI, NO, PA, PY, PE, PH, PL, PT, SG, SK, ES, SE, CH, TW, TR, UY, GB, AD, LI, MC, ID, JP, TH, VN, RO, IL, ZA, SA, AE, BH, QA, OM, KW, EG, MA, DZ, TN, LB, JO, PS, IN, BY, KZ, MD, UA, AL, BA, HR, ME, MK, RS, SI, KR, BD, PK, LK, GH, KE, NG, TZ, UG, AG, AM, BS, BB, BZ, BT, BW, BF, CV, CW, DM, FJ, GM, GE, GD, GW, GY, HT, JM, KI, LS, LR, MW, MV, ML, MH, FM, NA, NR, NE, PW, PG, WS, SM, ST, SN, SC, SL, SB, KN, LC, VC, SR, TL, TO, TT, TV, VU, AZ, BN, BI, KH, CM, TD, KM, GQ, SZ, GA, GN, KG, LA, MO, MR, MN, NP, RW, TG, UZ, ZW, BJ, MG, MU, MZ, AO, CI, DJ, ZM, CD, CG, IQ, LY, TJ, VE, ET, XK",https://open.spotify.com/album/5KIGFE6IFlVQPA4Vsl15nV,20-11-2007,208106,69,,FALSE,USUM70757102,https://open.spotify.com/track/3UhXPxLDFKCj1ZO6mmtV0a,4,track,spotify:track:3UhXPxLDFKCj1ZO6mmtV0a,FALSE
Dream On,Aerosmith,"album rock, classic rock, hard rock, rock",Aerosmith,album,8,"AR, AU, AT, BE, BO, BR, BG, CA, CL, CO, CR, CY, CZ, DK, DO, DE, EC, EE, SV, FI, FR, GR, GT, HN, HK, HU, IS, IE, IT, LV, LT, LU, MY, MT, MX, NL, NZ, NI, NO, PA, PY, PE, PH, PL, PT, SG, SK, ES, SE, CH, TW, TR, UY, US, GB, AD, LI, MC, ID, JP, TH, VN, RO, IL, ZA, SA, AE, BH, QA, OM, KW, EG, MA, DZ, TN, LB, JO, PS, IN, KZ, MD, UA, AL, BA, HR, ME, MK, RS, SI, KR, BD, PK, LK, GH, KE, NG, TZ, UG, AG, AM, BS, BB, BZ, BT, BW, BF, CV, CW, DM, FJ, GM, GE, GD, GW, GY, HT, JM, KI, LS, LR, MW, MV, ML, MH, FM, NA, NR, NE, PW, PG, WS, SM, ST, SN, SC, SL, SB, KN, LC, VC, SR, TL, TO, TT, TV, VU, AZ, BN, BI, KH, CM, TD, KM, GQ, SZ, GA, GN, KG, LA, MO, MR, MN, NP, RW, TG, UZ, ZW, BJ, MG, MU, MZ, AO, CI, DJ, ZM, CD, CG, IQ, LY, TJ, VE, ET, XK",https://open.spotify.com/album/1RDVdxPUaqC4o7Rkm8LoOE,05-01-1973,267596,80,,FALSE,USSM10011897,https://open.spotify.com/track/1xsYj84j7hUDDnTTerGWlH,3,track,spotify:track:1xsYj84j7hUDDnTTerGWlH,FALSE
Thinking out Loud,Ed Sheeran,"pop, singer-songwriter pop, uk pop",x (Deluxe Edition),album,16,"AR, AU, AT, BE, BO, BR, BG, CA, CL, CO, CR, CY, CZ, DK, DO, DE, EC, EE, SV, FI, FR, GR, GT, HN, HK, HU, IE, IT, LV, LT, LU, MY, MT, MX, NL, NZ, NI, NO, PA, PY, PE, PH, PL, PT, SG, SK, ES, SE, CH, TW, TR, UY, US, GB, ID, JP, TH, VN, RO, IL, ZA, SA, AE, BH, QA, OM, KW, EG, MA, DZ, TN, LB, JO, IN, BY, KZ, MD, UA, AL, BA, HR, ME, MK, RS, SI, KR, LK, GH, KE, NG, TZ, UG, AG, AM, BS, BB, BZ, BW, BF, CV, CW, DM, FJ, GM, GD, GW, HT, JM, LS, LR, MW, ML, FM, NA, NE, PG, PR, ST, SN, SC, SL, KN, LC, VC, TL, TT, AZ, BN, BI, KH, CM, TD, KM, GQ, SZ, GA, GN, KG, LA, MO, MR, MN, NP, RW, TG, UZ, ZW, BJ, MG, MU, MZ, AO, CI, DJ, ZM, CD, CG, IQ, LY, TJ, VE, ET, XK",https://open.spotify.com/album/1xn54DMo2qIqBuMqHtUsFd,21-06-2014,281560,81,,FALSE,GBAHS1400099,https://open.spotify.com/track/34gCuhDGsG4bRPIf9bb02f,11,track,spotify:track:34gCuhDGsG4bRPIf9bb02f,FALSE
Hotel California - 2013 Remaster,Eagles,"album rock, classic rock, heartland rock, mellow gold, rock, soft rock, yacht rock",Hotel California (2013 Remaster),album,9,"AR, AU, AT, BE, BO, BR, BG, CA, CL, CO, CR, CY, CZ, DK, DO, DE, EC, EE, SV, FI, FR, GR, GT, HN, HK, HU, IS, IE, IT, LV, LT, LU, MY, MT, MX, NL, NZ, NI, NO, PA, PY, PE, PH, PL, PT, SG, SK, ES, SE, CH, TW, TR, UY, US, GB, AD, LI, MC, ID, JP, TH, VN, RO, IL, ZA, SA, AE, BH, QA, OM, KW, EG, MA, DZ, TN, LB, JO, PS, IN, BY, KZ, MD, UA, AL, BA, HR, ME, MK, RS, SI, KR, LK, GH, KE, NG, TZ, UG, AG, AM, BS, BB, BZ, BW, BF, CV, CW, DM, FJ, GM, GD, GW, HT, JM, LS, LR, MW, MV, ML, FM, NA, NE, PG, PR, SM, ST, SN, SC, SL, KN, LC, VC, TL, TT, AZ, BN, BI, KH, CM, TD, KM, GQ, SZ, GA, GN, KG, LA, MO, MR, MN, NP, RW, TG, UZ, ZW, BJ, MG, MU, MZ, AO, CI, DJ, ZM, CD, CG, IQ, LY, TJ, VE, ET, XK",https://open.spotify.com/album/2widuo17g5CEC66IbzveRu,08-12-1976,391376,81,,FALSE,USEE11300353,https://open.spotify.com/track/40riOy7x9W7GXjyGp4pjAv,1,track,spotify:track:40riOy7x9W7GXjyGp4pjAv,FALSE
Have a Cigar,Pink Floyd,"album rock, art rock, classic rock, progressive rock, psychedelic rock, rock, symphonic rock",Wish You Were Here,album,5,"AD, AE, AG, AL, AO, AR, AU, BA, BB, BD, BF, BG, BH, BI, BJ, BN, BO, BR, BS, BT, BW, BZ, CA, CD, CG, CI, CL, CM, CO, CR, CV, CW, DJ, DM, DO, DZ, EC, EG, ET, FJ, FM, FR, GA, GD, GH, GM, GN, GQ, GT, GW, GY, HK, HN, HR, HT, ID, IL, IN, IQ, JM, JO, JP, KE, KH, KI, KM, KN, KR, KW, LA, LB, LC, LK, LR, LS, LY, MA, MC, ME, MG, MH, MK, ML, MO, MR, MU, MV, MW, MX, MY, MZ, NA, NE, NG, NI, NL, NP, NR, NZ, OM, PA, PE, PG, PH, PK, PL, PR, PS, PW, PY, QA, RO, RS, RW, SA, SB, SC, SG, SI, SL, SN, SR, ST, SV, SZ, TD, TG, TH, TL, TN, TO, TT, TV, TW, TZ, UG, US, UY, VC, VE, VN, VU, WS, XK, ZA, ZM, ZW",https://open.spotify.com/album/0bCAjiUamIFqKJsekOYuRw,12-09-1975,307733,63,,FALSE,GBN9Y1100087,https://open.spotify.com/track/3CmHvyZQQAGkKkTjTBFWN6,3,track,spotify:track:3CmHvyZQQAGkKkTjTBFWN6,FALSE
High Hopes,Pink Floyd,"album rock, art rock, classic rock, progressive rock, psychedelic rock, rock, symphonic rock",The Division Bell,album,11,"AD, AE, AG, AL, AO, AR, AU, BA, BB, BD, BF, BG, BH, BI, BJ, BN, BO, BR, BS, BT, BW, BZ, CA, CD, CG, CI, CL, CM, CO, CR, CV, CW, DJ, DM, DO, DZ, EC, EG, ET, FJ, FM, FR, GA, GD, GH, GM, GN, GQ, GT, GW, GY, HK, HN, HR, HT, ID, IL, IN, IQ, JM, JO, JP, KE, KH, KI, KM, KN, KR, KW, LA, LB, LC, LK, LR, LS, LY, MA, MC, ME, MG, MH, MK, ML, MO, MR, MU, MV, MW, MX, MY, MZ, NA, NE, NG, NI, NL, NP, NR, NZ, OM, PA, PE, PG, PH, PK, PL, PR, PS, PW, PY, QA, RO, RS, RW, SA, SB, SC, SG, SI, SL, SN, SR, ST, SV, SZ, TD, TG, TH, TL, TN, TO, TT, TV, TW, TZ, UG, US, UY, VC, VE, VN, VU, WS, XK, ZA, ZM, ZW",https://open.spotify.com/album/5F0IQXuHfTV7SBvZVnXERl,1994,510964,55,,FALSE,GBN9X1100022,https://open.spotify.com/track/5a4MgIUSf9K8wXLSm6xPEx,11,track,spotify:track:5a4MgIUSf9K8wXLSm6xPEx,FALSE
Sham,Amit Trivedi,"filmi, modern bollywood",Aisha (Original Motion Picture Soundtrack),album,8,"AR, AU, AT, BE, BO, BR, BG, CA, CL, CO, CR, CY, CZ, DK, DO, DE, EC, EE, SV, FI, FR, GR, GT, HN, HK, HU, IS, IE, IT, LV, LT, LU, MY, MT, MX, NL, NZ, NI, NO, PA, PY, PE, PH, PL, PT, SG, SK, ES, SE, CH, TW, TR, UY, US, GB, AD, LI, MC, ID, JP, TH, VN, RO, IL, ZA, SA, AE, BH, QA, OM, KW, EG, MA, DZ, TN, LB, JO, PS, IN, BY, KZ, MD, UA, AL, BA, HR, ME, MK, RS, SI, KR, BD, PK, LK, GH, KE, NG, TZ, UG, AG, AM, BS, BB, BZ, BT, BW, BF, CV, CW, DM, FJ, GM, GE, GD, GW, GY, HT, JM, KI, LS, LR, MW, MV, ML, MH, FM, NA, NR, NE, PW, PG, PR, WS, SM, ST, SN, SC, SL, SB, KN, LC, VC, SR, TL, TO, TT, TV, VU, AZ, BN, BI, KH, CM, TD, KM, GQ, SZ, GA, GN, KG, LA, MO, MR, MN, NP, RW, TG, UZ, ZW, BJ, MG, MU, MZ, AO, CI, DJ, ZM, CD, CG, IQ, LY, TJ, VE, ET, XK",https://open.spotify.com/album/4h2SfJt00zfnnoQSCuOmkc,05-07-2010,284626,55,,FALSE,INS171000195,https://open.spotify.com/track/5Q58RkKyUafm15Syxg79DW,3,track,spotify:track:5Q58RkKyUafm15Syxg79DW,FALSE
No Cap,KR$NA,"desi hip hop, desi trap, hindi hip hop",No Cap,single,1,"AR, AU, AT, BE, BO, BR, BG, CA, CL, CO, CR, CY, CZ, DK, DO, DE, EC, EE, SV, FI, FR, GR, GT, HN, HK, HU, IS, IE, IT, LV, LT, LU, MY, MT, MX, NL, NZ, NI, NO, PA, PY, PE, PH, PL, PT, SG, SK, ES, SE, CH, TW, TR, UY, US, GB, AD, LI, MC, ID, JP, TH, VN, RO, IL, ZA, SA, AE, BH, QA, OM, KW, EG, MA, DZ, TN, LB, JO, PS, IN, BY, KZ, MD, UA, AL, BA, HR, ME, MK, RS, SI, KR, BD, PK, LK, GH, KE, NG, TZ, UG, AG, AM, BS, BB, BZ, BT, BW, BF, CV, CW, DM, FJ, GM, GE, GD, GW, GY, HT, JM, KI, LS, LR, MW, MV, ML, MH, FM, NA, NR, NE, PW, PG, PR, WS, SM, ST, SN, SC, SL, SB, KN, LC, VC, SR, TL, TO, TT, TV, VU, AZ, BN, BI, KH, CM, TD, KM, GQ, SZ, GA, GN, KG, LA, MO, MR, MN, NP, RW, TG, UZ, ZW, BJ, MG, MU, MZ, AO, CI, DJ, ZM, CD, CG, IQ, LY, TJ, VE, ET, XK",https://open.spotify.com/album/0cqxAGBxVVlB19D01Eb2TS,10-11-2021,205423,58,,TRUE,INK492100166,https://open.spotify.com/track/1XdUEm2MwB6ysy6E80ltMg,1,track,spotify:track:1XdUEm2MwB6ysy6E80ltMg,FALSE
Alison,Slowdive,"alternative rock, dream pop, reading indie, shoegaze",Souvlaki,album,10,"AR, AU, AT, BE, BO, BR, BG, CA, CL, CO, CR, CY, CZ, DK, DO, DE, EC, EE, SV, FI, FR, GR, GT, HN, HK, HU, IS, IE, IT, LV, LT, LU, MY, MT, MX, NL, NZ, NI, NO, PA, PY, PE, PH, PL, PT, SG, SK, ES, SE, CH, TW, TR, UY, US, GB, AD, LI, MC, ID, JP, TH, VN, RO, IL, ZA, SA, AE, BH, QA, OM, KW, EG, MA, DZ, TN, LB, JO, PS, IN, BY, KZ, MD, UA, AL, BA, HR, ME, MK, RS, SI, KR, BD, PK, LK, GH, KE, NG, TZ, UG, AG, AM, BS, BB, BZ, BT, BW, BF, CV, CW, DM, FJ, GM, GE, GD, GW, GY, HT, JM, KI, LS, LR, MW, MV, ML, MH, FM, NA, NR, NE, PW, PG, PR, WS, SM, ST, SN, SC, SL, SB, KN, LC, VC, SR, TL, TO, TT, TV, VU, AZ, BN, BI, KH, CM, TD, KM, GQ, SZ, GA, GN, KG, LA, MO, MR, MN, NP, RW, TG, UZ, ZW, BJ, MG, MU, MZ, AO, CI, DJ, ZM, CD, CG, IQ, LY, TJ, VE, ET, XK",https://open.spotify.com/album/53eHm1f3sFiSzWMaKOl98Z,1993,230986,61,,FALSE,GBBQY0400035,https://open.spotify.com/track/33HRECrmuelZxOpid6XTNX,1,track,spotify:track:33HRECrmuelZxOpid6XTNX,FALSE
What I've Done,Linkin Park,"alternative metal, nu metal, post-grunge, rap metal, rock",Minutes to Midnight,album,14,"AR, AU, AT, BE, BO, BR, BG, CA, CL, CO, CR, CY, CZ, DK, DO, DE, EC, EE, SV, FI, FR, GR, GT, HN, HK, HU, IS, IT, LV, LT, LU, MY, MT, MX, NL, NZ, NI, NO, PA, PY, PE, PH, PL, PT, SG, SK, ES, SE, CH, TW, TR, UY, AD, LI, MC, ID, JP, TH, VN, RO, IL, ZA, SA, AE, BH, QA, OM, KW, EG, MA, DZ, TN, LB, JO, PS, IN, BY, KZ, MD, UA, AL, BA, HR, ME, MK, RS, SI, KR, BD, PK, LK, GH, KE, NG, TZ, UG, AG, AM, BS, BB, BZ, BT, BW, BF, CV, CW, DM, FJ, GM, GE, GD, GW, GY, HT, JM, KI, LS, LR, MW, MV, ML, MH, FM, NA, NR, NE, PW, PG, PR, WS, SM, ST, SN, SC, SL, SB, KN, LC, VC, SR, TL, TO, TT, TV, VU, AZ, BN, BI, KH, CM, TD, KM, GQ, SZ, GA, GN, KG, LA, MO, MR, MN, NP, RW, TG, UZ, ZW, BJ, MG, MU, MZ, AO, CI, DJ, ZM, CD, CG, IQ, LY, TJ, VE, ET, XK",https://open.spotify.com/album/7pgs38iLfEqUtwgCRgvbND,14-05-2007,205613,56,,FALSE,USWB10700721,https://open.spotify.com/track/4wfyFIRnxdIN0v4OGtXcX3,6,track,spotify:track:4wfyFIRnxdIN0v4OGtXcX3,FALSE
In the End,Linkin Park,"alternative metal, nu metal, post-grunge, rap metal, rock",Hybrid Theory (Bonus Edition),album,15,"AR, AU, AT, BE, BO, BR, BG, CL, CO, CR, CY, CZ, DK, DO, DE, EC, EE, SV, FI, FR, GR, GT, HN, HK, HU, IS, IE, IT, LV, LT, LU, MY, MT, MX, NL, NZ, NI, NO, PA, PY, PE, PH, PL, PT, SG, SK, ES, SE, CH, TW, TR, UY, US, GB, AD, LI, MC, ID, JP, TH, VN, RO, IL, ZA, SA, AE, BH, QA, OM, KW, EG, MA, DZ, TN, LB, JO, PS, IN, BY, KZ, MD, UA, AL, BA, HR, ME, MK, RS, SI, KR, BD, PK, LK, GH, KE, NG, TZ, UG, AG, AM, BS, BB, BZ, BT, BW, BF, CV, CW, DM, FJ, GM, GE, GD, GW, GY, HT, JM, KI, LS, LR, MW, MV, ML, MH, FM, NA, NR, NE, PW, PG, WS, SM, ST, SN, SC, SL, SB, KN, LC, VC, SR, TL, TO, TT, TV, VU, AZ, BN, BI, KH, CM, TD, KM, GQ, SZ, GA, GN, KG, LA, MO, MR, MN, NP, RW, TG, UZ, ZW, BJ, MG, MU, MZ, AO, CI, DJ, ZM, CD, CG, IQ, LY, TJ, VE, ET, XK",https://open.spotify.com/album/6hPkbAV3ZXpGZBGUvL6jVM,2000,216880,87,,FALSE,USWB10002407,https://open.spotify.com/track/60a0Rd6pjrkxjPbaKzXjfq,8,track,spotify:track:60a0Rd6pjrkxjPbaKzXjfq,FALSE
One Love,Shubh,punjabi hip hop,One Love,single,1,"AR, AU, AT, BE, BO, BR, BG, CA, CL, CO, CR, CY, CZ, DK, DO, DE, EC, EE, SV, FI, FR, GR, GT, HN, HK, HU, IS, IE, IT, LV, LT, LU, MY, MT, MX, NL, NZ, NI, NO, PA, PY, PE, PH, PL, PT, SG, SK, ES, SE, CH, TW, TR, UY, US, GB, AD, LI, MC, ID, JP, TH, VN, RO, IL, ZA, SA, AE, BH, QA, OM, KW, EG, MA, DZ, TN, LB, JO, PS, IN, BY, KZ, MD, UA, AL, BA, HR, ME, MK, RS, SI, KR, BD, PK, LK, GH, KE, NG, TZ, UG, AG, AM, BS, BB, BZ, BT, BW, BF, CV, CW, DM, FJ, GM, GE, GD, GW, GY, HT, JM, KI, LS, LR, MW, MV, ML, MH, FM, NA, NR, NE, PW, PG, PR, WS, SM, ST, SN, SC, SL, SB, KN, LC, VC, SR, TL, TO, TT, TV, VU, AZ, BN, BI, KH, CM, TD, KM, GQ, SZ, GA, GN, KG, LA, MO, MR, MN, NP, RW, TG, UZ, ZW, BJ, MG, MU, MZ, AO, CI, DJ, ZM, CD, CG, IQ, LY, TJ, VE, ET, XK",https://open.spotify.com/album/3tNH9Fp4dm3qa3Kr4cv5uJ,18-08-2023,159222,75,,FALSE,QMBZ92399156,https://open.spotify.com/track/5ZLkihi6DVsHwDL3B8ym1t,1,track,spotify:track:5ZLkihi6DVsHwDL3B8ym1t,FALSE
Tum Ho,Mohit Chauhan,"filmi, modern bollywood",Rockstar,album,15,"AR, AU, AT, BE, BO, BR, BG, CA, CL, CO, CR, CY, CZ, DK, DO, DE, EC, EE, SV, FI, FR, GR, GT, HN, HK, HU, IS, IE, IT, LV, LT, LU, MY, MT, MX, NL, NZ, NI, NO, PA, PY, PE, PH, PL, PT, SG, SK, ES, SE, CH, TW, TR, UY, US, GB, AD, LI, MC, ID, JP, TH, VN, RO, IL, ZA, SA, AE, BH, QA, OM, KW, EG, MA, DZ, TN, LB, JO, PS, IN, BY, KZ, MD, UA, AL, BA, HR, ME, MK, RS, SI, KR, BD, PK, LK, GH, KE, NG, TZ, UG, AG, AM, BS, BB, BZ, BT, BW, BF, CV, CW, DM, FJ, GM, GE, GD, GW, GY, HT, JM, KI, LS, LR, MW, MV, ML, MH, FM, NA, NR, NE, PW, PG, PR, WS, SM, ST, SN, SC, SL, SB, KN, LC, VC, SR, TL, TO, TT, TV, VU, AZ, BN, BI, KH, CM, TD, KM, GQ, SZ, GA, GN, KG, LA, MO, MR, MN, NP, RW, TG, UZ, ZW, BJ, MG, MU, MZ, AO, CI, DJ, ZM, CD, CG, IQ, LY, TJ, VE, ET, XK",https://open.spotify.com/album/3RZxrS2dDZlbsYtMRM89v8,01-10-2011,316500,69,,FALSE,INS181103509,https://open.spotify.com/track/7uNnlVit5qDvfOje0pqICF,12,track,spotify:track:7uNnlVit5qDvfOje0pqICF,FALSE
Laaree Chootee,Call,"classic pakistani pop, pakistani pop, sufi",Dhoom,album,12,"AR, AU, AT, BE, BO, BR, BG, CA, CL, CO, CR, CY, CZ, DK, DO, DE, EC, EE, SV, FI, FR, GR, GT, HN, HK, HU, IS, IE, IT, LV, LT, LU, MY, MT, MX, NL, NZ, NI, NO, PA, PY, PE, PH, PL, PT, SG, SK, ES, SE, CH, TW, TR, UY, US, GB, AD, LI, MC, ID, JP, TH, VN, RO, IL, ZA, SA, AE, BH, QA, OM, KW, EG, MA, DZ, TN, LB, JO, PS, IN, BY, KZ, MD, UA, AL, BA, HR, ME, MK, RS, SI, KR, BD, PK, LK, GH, KE, NG, TZ, UG, AG, AM, BS, BB, BZ, BT, BW, BF, CV, CW, DM, FJ, GM, GE, GD, GW, GY, HT, JM, KI, LS, LR, MW, MV, ML, MH, FM, NA, NR, NE, PW, PG, PR, WS, SM, ST, SN, SC, SL, SB, KN, LC, VC, SR, TL, TO, TT, TV, VU, AZ, BN, BI, KH, CM, TD, KM, GQ, SZ, GA, GN, KG, LA, MO, MR, MN, NP, RW, TG, UZ, ZW, BJ, MG, MU, MZ, AO, CI, DJ, ZM, CD, CG, IQ, LY, TJ, VE, ET, XK",https://open.spotify.com/album/2UzCtYWLoRffW5x1Vg1B15,30-11-2018,239405,54,,FALSE,FRX201831581,https://open.spotify.com/track/3juoXpZ1CRCbWHnWk5rVbV,11,track,spotify:track:3juoXpZ1CRCbWHnWk5rVbV,FALSE
Faasle,Anand Bhaskar Collective,"hindi indie, indian fusion, indian indie, mumbai indie",Excuse Me,album,10,"AR, AU, AT, BE, BO, BR, BG, CA, CL, CO, CR, CY, CZ, DK, DO, DE, EC, EE, SV, FI, FR, GR, GT, HN, HK, HU, IS, IE, IT, LV, LT, LU, MY, MT, MX, NL, NZ, NI, NO, PA, PY, PE, PH, PL, PT, SG, SK, ES, SE, CH, TW, TR, UY, US, GB, AD, LI, MC, ID, JP, TH, VN, RO, IL, ZA, SA, AE, BH, QA, OM, KW, EG, MA, DZ, TN, LB, JO, PS, IN, BY, KZ, MD, UA, AL, BA, HR, ME, MK, RS, SI, KR, BD, PK, LK, GH, KE, NG, TZ, UG, AG, AM, BS, BB, BZ, BT, BW, BF, CV, CW, DM, FJ, GM, GE, GD, GW, GY, HT, JM, KI, LS, LR, MW, MV, ML, MH, FM, NA, NR, NE, PW, PG, PR, WS, SM, ST, SN, SC, SL, SB, KN, LC, VC, SR, TL, TO, TT, TV, VU, AZ, BN, BI, KH, CM, TD, KM, GQ, SZ, GA, GN, KG, LA, MO, MR, MN, NP, RW, TG, UZ, ZW, BJ, MG, MU, MZ, AO, CI, DJ, ZM, CD, CG, IQ, LY, TJ, VE, ET, XK",https://open.spotify.com/album/50icgteSOMD36RFcc7980m,24-01-2017,384960,39,,FALSE,INO131602282,https://open.spotify.com/track/3loLNJnzlEW47eQdaAANfs,7,track,spotify:track:3loLNJnzlEW47eQdaAANfs,FALSE
changes,XXXTENTACION,"emo rap, miami hip hop, rap",?,album,18,"AR, AU, AT, BE, BO, BR, BG, CA, CL, CO, CR, CY, CZ, DK, DO, DE, EC, EE, SV, FI, FR, GR, GT, HN, HK, HU, IS, IE, IT, LV, LT, LU, MY, MT, MX, NL, NZ, NI, NO, PA, PY, PE, PH, PL, PT, SG, SK, ES, SE, CH, TW, TR, UY, US, GB, AD, LI, MC, ID, JP, TH, VN, RO, IL, ZA, SA, AE, BH, QA, OM, KW, EG, MA, DZ, TN, LB, JO, PS, IN, BY, KZ, MD, UA, AL, BA, HR, ME, MK, RS, SI, KR, BD, PK, LK, GH, KE, NG, TZ, UG, AG, AM, BS, BB, BZ, BT, BW, CV, CW, DM, FJ, GM, GE, GD, GW, GY, HT, JM, KI, LS, LR, MW, MV, ML, MH, FM, NA, NR, NE, PW, PG, WS, SM, ST, SN, SC, SL, SB, KN, LC, VC, SR, TL, TO, TT, TV, VU, AZ, BI, KH, CM, TD, KM, GQ, SZ, GA, GN, KG, LA, MO, MR, MN, NP, RW, TG, UZ, ZW, BJ, MG, MU, MZ, AO, CI, DJ, ZM, CD, CG, IQ, LY, TJ, VE, ET, XK",https://open.spotify.com/album/2Ti79nwTsont5ZHfdxIzAm,16-03-2018,121886,74,,FALSE,USUG11800211,https://open.spotify.com/track/7AFASza1mXqntmGtbxXprO,15,track,spotify:track:7AFASza1mXqntmGtbxXprO,FALSE
Overdue (with Travis Scott),Metro Boomin,rap,NOT ALL HEROES WEAR CAPES (Deluxe),album,26,"AR, AU, AT, BE, BO, BR, BG, CA, CL, CO, CR, CY, CZ, DK, DO, DE, EC, EE, SV, FI, FR, GR, GT, HN, HK, HU, IS, IE, IT, LV, LT, LU, MY, MT, MX, NL, NZ, NI, NO, PA, PY, PE, PH, PL, PT, SG, SK, ES, SE, CH, TW, TR, UY, US, GB, AD, LI, MC, ID, JP, TH, VN, RO, IL, ZA, SA, AE, BH, QA, OM, KW, EG, MA, DZ, TN, LB, JO, PS, IN, BY, KZ, MD, UA, AL, BA, HR, ME, MK, RS, SI, KR, BD, PK, LK, GH, KE, NG, TZ, UG, AG, AM, BS, BB, BZ, BT, BW, CV, CW, DM, FJ, GM, GE, GD, GW, GY, HT, JM, KI, LS, LR, MW, MV, ML, MH, FM, NA, NR, NE, PW, PG, WS, SM, ST, SN, SC, SL, SB, KN, LC, VC, SR, TL, TO, TT, TV, VU, AZ, BI, KH, CM, TD, KM, GQ, SZ, GA, GN, KG, LA, MO, MR, MN, NP, RW, TG, UZ, ZW, BJ, MG, MU, MZ, AO, CI, DJ, ZM, CD, CG, IQ, LY, TJ, VE, ET, XK",https://open.spotify.com/album/3IO8IPjwXuzPJnoaqkwYrj,06-11-2018,166093,76,,TRUE,USUG11802479,https://open.spotify.com/track/6LyAwkJsHlW7RQ8S1cYAtM,2,track,spotify:track:6LyAwkJsHlW7RQ8S1cYAtM,FALSE
SKELETONS,Travis Scott,"rap, slap house",ASTROWORLD,album,17,"AR, AU, AT, BE, BO, BR, BG, CA, CL, CO, CR, CY, CZ, DK, DO, DE, EC, EE, SV, FI, FR, GR, GT, HN, HK, HU, IS, IE, IT, LV, LT, LU, MY, MT, MX, NL, NZ, NI, NO, PA, PY, PE, PH, PL, PT, SG, SK, ES, SE, CH, TW, TR, UY, US, GB, AD, LI, MC, ID, JP, TH, VN, RO, IL, ZA, SA, AE, BH, QA, OM, KW, EG, MA, DZ, TN, LB, JO, PS, IN, BY, KZ, MD, UA, AL, BA, HR, ME, MK, RS, SI, KR, BD, PK, LK, GH, KE, NG, TZ, UG, AG, AM, BS, BB, BZ, BT, BW, BF, CV, CW, DM, FJ, GM, GE, GD, GW, GY, HT, JM, KI, LS, LR, MW, MV, ML, MH, FM, NA, NR, NE, PW, PG, PR, WS, SM, ST, SN, SC, SL, SB, KN, LC, VC, SR, TL, TO, TT, TV, VU, AZ, BN, BI, KH, CM, TD, KM, GQ, SZ, GA, GN, KG, LA, MO, MR, MN, NP, RW, TG, UZ, ZW, BJ, MG, MU, MZ, AO, CI, DJ, ZM, CD, CG, IQ, LY, TJ, VE, ET, XK",https://open.spotify.com/album/41GuZcammIkupMPKH2OJ6I,03-08-2018,145588,78,,TRUE,USSM11806664,https://open.spotify.com/track/6NMtzpDQBTOfJwMzgMX0zl,7,track,spotify:track:6NMtzpDQBTOfJwMzgMX0zl,FALSE
"Darkhaast (feat. Arijit Singh, Sunidhi Chauhan)",Mithoon,"filmi, modern bollywood",Shivaay,single,5,"AR, AU, AT, BE, BO, BR, BG, CA, CL, CO, CR, CY, CZ, DK, DO, DE, EC, EE, SV, FI, FR, GR, GT, HN, HK, HU, IS, IE, IT, LV, LT, LU, MY, MT, MX, NL, NZ, NI, NO, PA, PY, PE, PH, PL, PT, SG, SK, ES, SE, CH, TW, TR, UY, US, GB, AD, LI, MC, ID, JP, TH, VN, RO, IL, ZA, SA, AE, BH, QA, OM, KW, EG, MA, DZ, TN, LB, JO, PS, IN, BY, KZ, MD, UA, AL, BA, HR, ME, MK, RS, SI, KR, BD, PK, LK, GH, KE, NG, TZ, UG, AG, AM, BS, BB, BZ, BT, BW, BF, CV, CW, DM, FJ, GM, GE, GD, GW, GY, HT, JM, KI, LS, LR, MW, MV, ML, MH, FM, NA, NR, NE, PW, PG, PR, WS, SM, ST, SN, SC, SL, SB, KN, LC, VC, SR, TL, TO, TT, TV, VU, AZ, BN, BI, KH, CM, TD, KM, GQ, SZ, GA, GN, KG, LA, MO, MR, MN, NP, RW, TG, UZ, ZW, BJ, MG, MU, MZ, AO, CI, DJ, ZM, CD, CG, IQ, LY, TJ, VE, ET, XK",https://open.spotify.com/album/0gCcyIYaX8OK2BcKs8behf,07-10-2016,374205,62,,FALSE,INS181601644,https://open.spotify.com/track/1awtp7rf6ajhGY9BgzCHeZ,2,track,spotify:track:1awtp7rf6ajhGY9BgzCHeZ,FALSE
rockstar (feat. 21 Savage),Post Malone,"dfw rap, melodic rap, pop, rap",beerbongs & bentleys,album,18,"AR, AU, AT, BE, BO, BR, BG, CA, CL, CO, CR, CY, CZ, DK, DO, DE, EC, EE, SV, FI, FR, GR, GT, HN, HK, HU, IS, IE, IT, LV, LT, LU, MY, MT, MX, NL, NZ, NI, NO, PA, PY, PE, PH, PL, PT, SG, SK, ES, SE, CH, TW, TR, UY, US, GB, AD, LI, MC, ID, JP, TH, VN, RO, IL, ZA, SA, AE, BH, QA, OM, KW, EG, MA, DZ, TN, LB, JO, PS, IN, KZ, MD, UA, AL, BA, HR, ME, MK, RS, SI, KR, BD, PK, LK, GH, KE, NG, TZ, UG, AG, AM, BS, BB, BZ, BT, BW, BF, CV, CW, DM, FJ, GM, GE, GD, GW, GY, HT, JM, KI, LS, LR, MW, MV, ML, MH, FM, NA, NR, NE, PW, PG, WS, SM, ST, SN, SC, SL, SB, KN, LC, VC, SR, TL, TO, TT, TV, VU, AZ, BN, BI, KH, CM, TD, KM, GQ, SZ, GA, GN, KG, LA, MO, MR, MN, NP, RW, TG, UZ, ZW, BJ, MG, MU, MZ, AO, CI, DJ, ZM, CD, CG, IQ, LY, TJ, VE, ET, XK",https://open.spotify.com/album/6trNtQUgC8cgbWcqoMYkOR,27-04-2018,218146,79,,TRUE,USUM71710087,https://open.spotify.com/track/0e7ipj03S05BNilyu5bRzt,6,track,spotify:track:0e7ipj03S05BNilyu5bRzt,FALSE
Smells Like Teen Spirit,Nirvana,"grunge, permanent wave, rock",Nevermind (Remastered),album,13,"AR, AU, AT, BE, BO, BR, BG, CL, CO, CR, CY, CZ, DK, DO, DE, EC, EE, SV, FI, FR, GR, GT, HN, HK, HU, IS, IE, IT, LV, LT, LU, MY, MT, MX, NL, NZ, NI, NO, PA, PY, PE, PH, PL, PT, SG, SK, ES, SE, CH, TW, TR, UY, GB, AD, LI, MC, ID, JP, TH, VN, RO, IL, ZA, IN, BY, KZ, MD, UA, AL, BA, HR, ME, MK, RS, SI, KR, BD, PK, LK, GH, KE, NG, TZ, UG, AG, AM, BS, BB, BZ, BT, BW, BF, CV, CW, DM, FJ, GM, GE, GD, GW, GY, HT, JM, KI, LS, LR, MW, MV, ML, MH, FM, NA, NR, NE, PW, PG, WS, SM, ST, SN, SC, SL, SB, KN, LC, VC, SR, TL, TO, TT, TV, VU, AZ, BN, BI, KH, CM, TD, KM, GQ, SZ, GA, GN, KG, LA, MO, MR, MN, NP, RW, TG, UZ, ZW, BJ, MG, MU, MZ, AO, CI, DJ, ZM, CD, CG, TJ, VE, ET, XK",https://open.spotify.com/album/2UJcKiJxNryhL050F5Z1Fk,26-09-1991,301920,80,,FALSE,USGF19942501,https://open.spotify.com/track/4CeeEOM32jQcH3eN9Q2dGj,1,track,spotify:track:4CeeEOM32jQcH3eN9Q2dGj,FALSE
Mar Jawaan,Shruti Pathak,"filmi, modern bollywood",Fashion,album,10,"AR, AU, AT, BE, BO, BR, BG, CA, CL, CO, CR, CY, CZ, DK, DO, DE, EC, EE, SV, FI, FR, GR, GT, HN, HK, HU, IS, IE, IT, LV, LT, LU, MY, MT, MX, NL, NZ, NI, NO, PA, PY, PE, PH, PL, PT, SG, SK, ES, SE, CH, TW, TR, UY, US, GB, AD, LI, MC, ID, JP, TH, VN, RO, IL, ZA, SA, AE, BH, QA, OM, KW, EG, MA, DZ, TN, LB, JO, PS, IN, BY, KZ, MD, UA, AL, BA, HR, ME, MK, RS, SI, KR, BD, PK, LK, GH, KE, NG, TZ, UG, AG, AM, BS, BB, BZ, BT, BW, BF, CV, CW, DM, FJ, GM, GE, GD, GW, GY, HT, JM, KI, LS, LR, MW, MV, ML, MH, FM, NA, NR, NE, PW, PG, PR, WS, SM, ST, SN, SC, SL, SB, KN, LC, VC, SR, TL, TO, TT, TV, VU, AZ, BN, BI, KH, CM, TD, KM, GQ, SZ, GA, GN, KG, LA, MO, MR, MN, NP, RW, TG, UZ, ZW, BJ, MG, MU, MZ, AO, CI, DJ, ZM, CD, CG, IQ, LY, TJ, VE, ET, XK",https://open.spotify.com/album/2GSUgBsr2UX7xzyvZY6Frz,19-09-2008,236286,55,,FALSE,INS180808433,https://open.spotify.com/track/0ErXZ1NMqOEFGJPQvU9OKF,2,track,spotify:track:0ErXZ1NMqOEFGJPQvU9OKF,FALSE
Let It Happen,Tame Impala,"australian psych, modern rock, neo-psychedelic, rock",Currents,album,13,"AR, AU, AT, BE, BO, BR, BG, CA, CL, CO, CR, CY, CZ, DK, DO, DE, EC, EE, SV, FI, FR, GR, GT, HN, HK, HU, IS, IE, IT, LV, LT, LU, MY, MT, MX, NL, NZ, NI, NO, PA, PY, PE, PH, PL, PT, SG, SK, ES, SE, CH, TW, TR, UY, US, GB, AD, LI, MC, ID, JP, TH, VN, RO, IL, ZA, SA, AE, BH, QA, OM, KW, EG, MA, DZ, TN, LB, JO, PS, IN, BY, KZ, MD, UA, AL, BA, HR, ME, MK, RS, SI, KR, BD, PK, LK, GH, KE, NG, TZ, UG, AG, AM, BS, BB, BZ, BT, BW, BF, CV, CW, DM, FJ, GM, GE, GD, GW, GY, HT, JM, KI, LS, LR, MW, MV, ML, MH, FM, NA, NR, NE, PW, PG, WS, SM, ST, SN, SC, SL, SB, KN, LC, VC, SR, TL, TO, TT, TV, VU, AZ, BN, BI, KH, CM, TD, KM, GQ, SZ, GA, GN, KG, LA, MO, MR, MN, NP, RW, TG, UZ, ZW, BJ, MG, MU, MZ, AO, CI, DJ, ZM, CD, CG, IQ, LY, TJ, VE, ET, XK",https://open.spotify.com/album/79dL7FLiJFOO0EoehUHQBv,17-07-2015,467586,77,,FALSE,AUUM71500292,https://open.spotify.com/track/2X485T9Z5Ly0xyaghN73ed,1,track,spotify:track:2X485T9Z5Ly0xyaghN73ed,FALSE
Tujhe Bhula Diya,Vishal-Shekhar,"filmi, modern bollywood",Anjaana Anjaani,album,9,"AR, AU, AT, BE, BO, BR, BG, CA, CL, CO, CR, CY, CZ, DK, DO, DE, EC, EE, SV, FI, FR, GR, GT, HN, HK, HU, IS, IE, IT, LV, LT, LU, MY, MT, MX, NL, NZ, NI, NO, PA, PY, PE, PH, PL, PT, SG, SK, ES, SE, CH, TW, TR, UY, US, GB, AD, LI, MC, ID, JP, TH, VN, RO, IL, ZA, SA, AE, BH, QA, OM, KW, EG, MA, DZ, TN, LB, JO, PS, IN, BY, KZ, MD, UA, AL, BA, HR, ME, MK, RS, SI, KR, BD, PK, LK, GH, KE, NG, TZ, UG, AG, AM, BS, BB, BZ, BT, BW, BF, CV, CW, DM, FJ, GM, GE, GD, GW, GY, HT, JM, KI, LS, LR, MW, MV, ML, MH, FM, NA, NR, NE, PW, PG, PR, WS, SM, ST, SN, SC, SL, SB, KN, LC, VC, SR, TL, TO, TT, TV, VU, AZ, BN, BI, KH, CM, TD, KM, GQ, SZ, GA, GN, KG, LA, MO, MR, MN, NP, RW, TG, UZ, ZW, BJ, MG, MU, MZ, AO, CI, DJ, ZM, CD, CG, IQ, LY, TJ, VE, ET, XK",https://open.spotify.com/album/6FC95PYKFrO8UYhjCidPZ9,19-08-2010,279429,70,,FALSE,INS181007761,https://open.spotify.com/track/4r8JqkhpTb5tzSKKHnVJIJ,5,track,spotify:track:4r8JqkhpTb5tzSKKHnVJIJ,FALSE
The Reason,Hoobastank,"alternative metal, funk metal, nu metal, pop rock, post-grunge",The Reason (20th Anniversary),album,17,"AR, AU, AT, BE, BO, BR, BG, CA, CL, CO, CR, CY, CZ, DK, DO, DE, EC, EE, SV, FI, FR, GR, GT, HN, HK, HU, IS, IE, IT, LV, LT, LU, MY, MT, MX, NL, NZ, NI, NO, PA, PY, PE, PH, PL, PT, SG, SK, ES, SE, CH, TW, TR, UY, US, GB, AD, LI, MC, ID, JP, TH, VN, RO, IL, ZA, SA, AE, BH, QA, OM, KW, EG, MA, DZ, TN, LB, JO, PS, IN, KZ, MD, UA, AL, BA, HR, ME, MK, RS, SI, KR, BD, PK, LK, GH, KE, NG, TZ, UG, AG, AM, BS, BB, BZ, BT, BW, BF, CV, CW, DM, FJ, GM, GE, GD, GW, GY, HT, JM, KI, LS, LR, MW, MV, ML, MH, FM, NA, NR, NE, PW, PG, WS, SM, ST, SN, SC, SL, SB, KN, LC, VC, SR, TL, TO, TT, TV, VU, AZ, BN, BI, KH, CM, TD, KM, GQ, SZ, GA, GN, KG, LA, MO, MR, MN, NP, RW, TG, UZ, ZW, BJ, MG, MU, MZ, AO, CI, DJ, ZM, CD, CG, IQ, LY, TJ, VE, ET, XK",https://open.spotify.com/album/3pCVjmRGVZ2mYuJN2R1wi8,12-01-2024,232800,79,,FALSE,USIR20300704,https://open.spotify.com/track/5B5eTk7DF8KVp1zpQoY1XY,8,track,spotify:track:5B5eTk7DF8KVp1zpQoY1XY,FALSE
Jiyein Kyun,Pritam,"filmi, indian instrumental, modern bollywood",Dum Maaro Dum,album,8,"AR, AU, AT, BE, BO, BR, BG, CA, CL, CO, CR, CY, CZ, DK, DO, DE, EC, EE, SV, FI, FR, GR, GT, HN, HK, HU, IS, IE, IT, LV, LT, LU, MY, MT, MX, NL, NZ, NI, NO, PA, PY, PE, PH, PL, PT, SG, SK, ES, SE, CH, TW, TR, UY, US, GB, AD, LI, MC, ID, JP, TH, VN, RO, IL, ZA, SA, AE, BH, QA, OM, KW, EG, MA, DZ, TN, LB, JO, PS, IN, BY, KZ, MD, UA, AL, BA, HR, ME, MK, RS, SI, KR, BD, PK, LK, GH, KE, NG, TZ, UG, AG, AM, BS, BB, BZ, BT, BW, BF, CV, CW, DM, FJ, GM, GE, GD, GW, GY, HT, JM, KI, LS, LR, MW, MV, ML, MH, FM, NA, NR, NE, PW, PG, PR, WS, SM, ST, SN, SC, SL, SB, KN, LC, VC, SR, TL, TO, TT, TV, VU, AZ, BN, BI, KH, CM, TD, KM, GQ, SZ, GA, GN, KG, LA, MO, MR, MN, NP, RW, TG, UZ, ZW, BJ, MG, MU, MZ, AO, CI, DJ, ZM, CD, CG, IQ, LY, TJ, VE, ET, XK",https://open.spotify.com/album/5RM8pIBX8zU9g8U5WG4zfZ,15-03-2011,264962,65,,FALSE,INS181100868,https://open.spotify.com/track/0up9rhm9qt2LW7cnoDFCMk,3,track,spotify:track:0up9rhm9qt2LW7cnoDFCMk,FALSE
Something In The Way,Nirvana,"grunge, permanent wave, rock",Nevermind (Remastered),album,13,"AR, AU, AT, BE, BO, BR, BG, CL, CO, CR, CY, CZ, DK, DO, DE, EC, EE, SV, FI, FR, GR, GT, HN, HK, HU, IS, IE, IT, LV, LT, LU, MY, MT, MX, NL, NZ, NI, NO, PA, PY, PE, PH, PL, PT, SG, SK, ES, SE, CH, TW, TR, UY, GB, AD, LI, MC, ID, JP, TH, VN, RO, IL, ZA, IN, BY, KZ, MD, UA, AL, BA, HR, ME, MK, RS, SI, KR, BD, PK, LK, GH, KE, NG, TZ, UG, AG, AM, BS, BB, BZ, BT, BW, BF, CV, CW, DM, FJ, GM, GE, GD, GW, GY, HT, JM, KI, LS, LR, MW, MV, ML, MH, FM, NA, NR, NE, PW, PG, WS, SM, ST, SN, SC, SL, SB, KN, LC, VC, SR, TL, TO, TT, TV, VU, AZ, BN, BI, KH, CM, TD, KM, GQ, SZ, GA, GN, KG, LA, MO, MR, MN, NP, RW, TG, UZ, ZW, BJ, MG, MU, MZ, AO, CI, DJ, ZM, CD, CG, TJ, VE, ET, XK",https://open.spotify.com/album/2UJcKiJxNryhL050F5Z1Fk,26-09-1991,232146,70,,FALSE,USGF19942512,https://open.spotify.com/track/4gHnSNHs8RyVukKoWdS99f,12,track,spotify:track:4gHnSNHs8RyVukKoWdS99f,FALSE
"Am I Dreaming (Metro Boomin & A$AP Rocky, Roisee)",Metro Boomin,rap,METRO BOOMIN PRESENTS SPIDER-MAN: ACROSS THE SPIDER-VERSE (SOUNDTRACK FROM AND INSPIRED BY THE MOTION PICTURE),album,13,"AR, AU, AT, BE, BO, BR, BG, CA, CL, CO, CR, CY, CZ, DK, DO, DE, EC, EE, SV, FI, FR, GR, GT, HN, HK, HU, IS, IE, IT, LV, LT, LU, MY, MT, MX, NL, NZ, NI, NO, PA, PY, PE, PH, PL, PT, SG, SK, ES, SE, CH, TW, TR, UY, US, GB, AD, LI, MC, ID, JP, TH, VN, RO, IL, ZA, SA, AE, BH, QA, OM, KW, EG, MA, DZ, TN, LB, JO, PS, IN, KZ, MD, UA, AL, BA, HR, ME, MK, RS, SI, KR, BD, PK, LK, GH, KE, NG, TZ, UG, AG, AM, BS, BB, BZ, BT, BW, BF, CV, CW, DM, FJ, GM, GE, GD, GW, GY, HT, JM, KI, LS, LR, MW, MV, ML, MH, FM, NA, NR, NE, PW, PG, WS, SM, ST, SN, SC, SL, SB, KN, LC, VC, SR, TL, TO, TT, TV, VU, AZ, BN, BI, KH, CM, TD, KM, GQ, SZ, GA, GN, KG, LA, MO, MR, MN, NP, RW, TG, UZ, ZW, BJ, MG, MU, MZ, AO, CI, DJ, ZM, CD, CG, IQ, LY, TJ, VE, ET, XK",https://open.spotify.com/album/1bwbZJ6khPJyVpOaqgKsoZ,02-06-2023,256026,73,,FALSE,USUM72308540,https://open.spotify.com/track/6Ec5LeRzkisa5KJtwLfOoW,2,track,spotify:track:6Ec5LeRzkisa5KJtwLfOoW,FALSE
fukumean,Gunna,"atl hip hop, melodic rap, rap, trap",a Gift & a Curse,album,15,"AR, AU, AT, BE, BO, BR, BG, CA, CL, CO, CR, CY, CZ, DK, DO, DE, EC, EE, SV, FI, FR, GR, GT, HN, HK, HU, IS, IE, IT, LV, LT, LU, MY, MT, MX, NL, NZ, NI, NO, PA, PY, PE, PH, PL, PT, SG, SK, ES, SE, CH, TW, TR, UY, US, GB, AD, LI, MC, ID, JP, TH, VN, RO, IL, ZA, SA, AE, BH, QA, OM, KW, EG, MA, DZ, TN, LB, JO, PS, IN, KZ, MD, UA, AL, BA, HR, ME, MK, RS, SI, KR, BD, PK, LK, GH, KE, NG, TZ, UG, AG, AM, BS, BB, BZ, BT, BW, BF, CV, CW, DM, FJ, GM, GE, GD, GW, GY, HT, JM, KI, LS, LR, MW, MV, ML, MH, FM, NA, NR, NE, PW, PG, PR, WS, SM, ST, SN, SC, SL, SB, KN, LC, VC, SR, TL, TO, TT, TV, VU, AZ, BN, BI, KH, CM, TD, KM, GQ, SZ, GA, GN, KG, LA, MO, MR, MN, NP, RW, TG, UZ, ZW, BJ, MG, MU, MZ, AO, CI, DJ, ZM, CD, CG, IQ, LY, TJ, VE, ET, XK",https://open.spotify.com/album/5qmZefgh78fN3jsyPPlvuw,16-06-2023,125040,82,,TRUE,USAT22306575,https://open.spotify.com/track/4rXLjWdF2ZZpXCVTfWcshS,6,track,spotify:track:4rXLjWdF2ZZpXCVTfWcshS,FALSE
Someone Like You,Adele,"british soul, pop, pop soul, uk pop",21,album,11,"AU, AT, BE, BG, CA, CY, CZ, DK, DE, EE, FI, FR, GR, HK, HU, IS, IE, IT, LV, LT, LU, MY, MT, NL, NZ, NO, PH, PL, PT, SG, SK, ES, SE, CH, TW, TR, GB, AD, LI, MC, ID, JP, TH, VN, RO, IL, ZA, SA, AE, BH, QA, OM, KW, EG, MA, DZ, TN, LB, JO, PS, IN, BY, KZ, MD, UA, AL, BA, HR, ME, MK, RS, SI, KR, BD, PK, LK, GH, KE, NG, TZ, UG, AG, AM, BS, BB, BT, BW, BF, CV, CW, DM, FJ, GM, GE, GD, GW, HT, JM, KI, LS, LR, MW, MV, ML, MH, FM, NA, NR, NE, PW, PG, WS, SM, ST, SN, SC, SL, SB, KN, LC, VC, TL, TO, TT, TV, VU, AZ, BN, BI, KH, CM, TD, KM, GQ, SZ, GA, GN, KG, LA, MO, MR, MN, NP, RW, TG, UZ, ZW, BJ, MG, MU, MZ, AO, CI, DJ, ZM, CD, CG, IQ, LY, TJ, ET, XK",https://open.spotify.com/album/5duyQokC4FMcWPYTV9Gpf9,24-01-2011,285240,80,,FALSE,GBBKS1000351,https://open.spotify.com/track/3bNv3VuUOKgrf5hu3YcuRo,11,track,spotify:track:3bNv3VuUOKgrf5hu3YcuRo,FALSE
Do I Wanna Know?,Arctic Monkeys,"garage rock, modern rock, permanent wave, rock, sheffield indie",AM,album,12,"AR, AU, AT, BE, BO, BR, BG, CA, CL, CO, CR, CY, CZ, DK, DO, DE, EC, EE, SV, FI, FR, GR, GT, HN, HK, HU, IS, IE, IT, LV, LT, LU, MY, MT, MX, NL, NZ, NI, NO, PA, PY, PE, PH, PL, PT, SG, SK, ES, SE, CH, TW, TR, UY, US, GB, AD, LI, MC, ID, JP, TH, VN, RO, IL, ZA, SA, AE, BH, QA, OM, KW, EG, MA, DZ, TN, LB, JO, PS, IN, KZ, MD, UA, AL, BA, HR, ME, MK, RS, SI, KR, BD, PK, LK, GH, KE, NG, TZ, UG, AG, AM, BS, BB, BZ, BT, BW, BF, CV, CW, DM, FJ, GM, GE, GD, GW, GY, HT, JM, KI, LS, LR, MW, MV, ML, MH, FM, NA, NR, NE, PW, PG, PR, WS, SM, ST, SN, SC, SL, SB, KN, LC, VC, SR, TL, TO, TT, TV, VU, AZ, BN, BI, KH, CM, TD, KM, GQ, SZ, GA, GN, KG, LA, MO, MR, MN, NP, RW, TG, UZ, ZW, BJ, MG, MU, MZ, AO, CI, DJ, ZM, CD, CG, IQ, LY, TJ, VE, ET, XK",https://open.spotify.com/album/78bpIziExqiI9qztvNFlQu,09-09-2013,272394,84,,FALSE,GBCEL1300362,https://open.spotify.com/track/5FVd6KXrgO9B3JPmC8OPst,1,track,spotify:track:5FVd6KXrgO9B3JPmC8OPst,FALSE
Woh Lamhe Woh Baatein,Atif Aslam,"classic pakistani pop, filmi, modern bollywood, sufi",Zeher,compilation,8,,https://open.spotify.com/album/4XA32s4j1BSuvzEdIhjguL,25-03-2005,320040,3,,FALSE,INH100502936,https://open.spotify.com/track/5fwRhPXAvGgzUxW62ZCvEg,3,track,spotify:track:5fwRhPXAvGgzUxW62ZCvEg,FALSE
Superhero (Heroes & Villains) [with Future & Chris Brown],Metro Boomin,rap,HEROES & VILLAINS,album,15,"AR, AU, AT, BE, BO, BR, BG, CA, CL, CO, CR, CY, CZ, DK, DO, DE, EC, EE, SV, FI, FR, GR, GT, HN, HK, HU, IS, IE, IT, LV, LT, LU, MY, MT, MX, NL, NZ, NI, NO, PA, PY, PE, PH, PL, PT, SG, SK, ES, SE, CH, TW, TR, UY, US, GB, AD, LI, MC, ID, JP, TH, VN, RO, IL, ZA, SA, AE, BH, QA, OM, KW, EG, MA, DZ, TN, LB, JO, PS, IN, KZ, MD, UA, AL, BA, HR, ME, MK, RS, SI, KR, BD, PK, LK, GH, KE, NG, TZ, UG, AG, AM, BS, BB, BZ, BT, BW, BF, CV, CW, DM, FJ, GM, GE, GD, GW, GY, HT, JM, KI, LS, LR, MW, MV, ML, MH, FM, NA, NR, NE, PW, PG, WS, SM, ST, SN, SC, SL, SB, KN, LC, VC, SR, TL, TO, TT, TV, VU, AZ, BN, BI, KH, CM, TD, KM, GQ, SZ, GA, GN, KG, LA, MO, MR, MN, NP, RW, TG, UZ, ZW, BJ, MG, MU, MZ, AO, CI, DJ, ZM, CD, CG, IQ, LY, TJ, VE, ET, XK",https://open.spotify.com/album/7txGsnDSqVMoRl6RQ9XyZP,02-12-2022,182666,79,,TRUE,USUG12208783,https://open.spotify.com/track/0vjeOZ3Ft5jvAi9SBFJm1j,2,track,spotify:track:0vjeOZ3Ft5jvAi9SBFJm1j,FALSE
Pigs (Three Different Ones),Pink Floyd,"album rock, art rock, classic rock, progressive rock, psychedelic rock, rock, symphonic rock",Animals,album,5,"AD, AE, AG, AL, AO, AR, AU, BA, BB, BD, BF, BG, BH, BI, BJ, BN, BO, BR, BS, BT, BW, BZ, CA, CD, CG, CI, CL, CM, CO, CR, CV, CW, DJ, DM, DO, DZ, EC, EG, ET, FJ, FM, FR, GA, GD, GH, GM, GN, GQ, GT, GW, GY, HK, HN, HR, HT, ID, IL, IN, IQ, JM, JO, JP, KE, KH, KI, KM, KN, KR, KW, LA, LB, LC, LK, LR, LS, LY, MA, MC, ME, MG, MH, MK, ML, MO, MR, MU, MV, MW, MX, MY, MZ, NA, NE, NG, NI, NL, NP, NR, NZ, OM, PA, PE, PG, PH, PK, PL, PR, PS, PW, PY, QA, RO, RS, RW, SA, SB, SC, SG, SI, SL, SN, SR, ST, SV, SZ, TD, TG, TH, TL, TN, TO, TT, TV, TW, TZ, UG, US, UY, VC, VE, VN, VU, WS, XK, ZA, ZM, ZW",https://open.spotify.com/album/3b4E89rxzZQ9zkhgKpj8N4,23-01-1977,685880,56,,TRUE,GBN9Y1100092,https://open.spotify.com/track/0gEaeqVRHPzRc7HMXtOKc7,3,track,spotify:track:0gEaeqVRHPzRc7HMXtOKc7,FALSE
Aao Naa,Sadhana Sargam,"classic bollywood, filmi, hare krishna",Kyun! Ho Gaya Na (Original Motion Picture Soundtrack),album,6,"AR, AU, AT, BE, BO, BR, BG, CA, CL, CO, CR, CY, CZ, DK, DO, DE, EC, EE, SV, FI, FR, GR, GT, HN, HK, HU, IS, IE, IT, LV, LT, LU, MY, MT, MX, NL, NZ, NI, NO, PA, PY, PE, PH, PL, PT, SG, SK, ES, SE, CH, TW, TR, UY, US, GB, AD, LI, MC, ID, JP, TH, VN, RO, IL, ZA, SA, AE, BH, QA, OM, KW, EG, MA, DZ, TN, LB, JO, PS, IN, BY, KZ, MD, UA, AL, BA, HR, ME, MK, RS, SI, KR, BD, PK, LK, GH, KE, NG, TZ, UG, AG, AM, BS, BB, BZ, BT, BW, BF, CV, CW, DM, FJ, GM, GE, GD, GW, GY, HT, JM, KI, LS, LR, MW, MV, ML, MH, FM, NA, NR, NE, PW, PG, PR, WS, SM, ST, SN, SC, SL, SB, KN, LC, VC, SR, TL, TO, TT, TV, VU, AZ, BN, BI, KH, CM, TD, KM, GQ, SZ, GA, GN, KG, LA, MO, MR, MN, NP, RW, TG, UZ, ZW, BJ, MG, MU, MZ, AO, CI, DJ, ZM, CD, CG, IQ, LY, TJ, VE, ET, XK",https://open.spotify.com/album/20GBMAljgcOEgXvS8CnePK,18-08-2004,388000,54,,FALSE,INT100400042,https://open.spotify.com/track/6AKWp18rxG3DZTxp6A2E2T,1,track,spotify:track:6AKWp18rxG3DZTxp6A2E2T,FALSE
