Track Name,Artist Name,Album Name,Album Type,Total Tracks in Album,Available Markets,Album URL,Album Release Date,Album Release Precision,Album URI,Track Duration (ms),Track Popularity,Preview URL,Explicit,External ID (ISRC),Track URL,Track Number,Track Type,Track URI,Is Local
Another Day in Paradise - 2016 Remaster,Phil Collins,...But Seriously (Deluxe Edition),album,25,"AR, AU, AT, BE, BO, BR, BG, CA, CL, CO, CR, CY, CZ, DK, DO, DE, EC, EE, SV, FI, FR, GR, GT, HN, HK, HU, IS, IE, IT, LV, LT, LU, MY, MT, MX, NL, NZ, NI, NO, PA, PY, PE, PH, PL, PT, SG, SK, ES, SE, CH, TW, TR, UY, US, GB, AD, LI, MC, ID, JP, TH, VN, RO, IL, ZA, SA, AE, BH, QA, OM, KW, EG, MA, DZ, TN, LB, JO, PS, IN, BY, KZ, MD, UA, AL, BA, HR, ME, MK, RS, SI, KR, BD, PK, LK, GH, KE, NG, TZ, UG, AG, AM, BS, BB, BZ, BT, BW, BF, CV, CW, DM, FJ, GM, GE, GD, GW, GY, HT, JM, KI, LS, LR, MW, MV, ML, MH, FM, NA, NR, NE, PW, PG, WS, SM, ST, SN, SC, SL, SB, KN, LC, VC, SR, TL, TO, TT, TV, VU, AZ, BN, BI, KH, CM, TD, KM, GQ, SZ, GA, GN, KG, LA, MO, MR, MN, NP, RW, TG, UZ, ZW, BJ, MG, MU, MZ, AO, CI, DJ, ZM, CD, CG, IQ, LY, TJ, VE, ET, XK",https://open.spotify.com/album/2sS9l8uc3d3UsK9unJyrD8,1989-11-20,day,spotify:album:2sS9l8uc3d3UsK9unJyrD8,322133,76,,False,USRH11602150,https://open.spotify.com/track/1NCuYqMc8hKMb4cpNTcJbD,7,track,spotify:track:1NCuYqMc8hKMb4cpNTcJbD,False
Khuda Jaane,Vishal-Shekhar,Bachna Ae Haseeno,single,6,"AR, AU, AT, BE, BO, BR, BG, CA, CL, CO, CR, CY, CZ, DK, DO, DE, EC, EE, SV, FI, FR, GR, GT, HN, HK, HU, IS, IE, IT, LV, LT, LU, MY, MT, MX, NL, NZ, NI, NO, PA, PY, PE, PH, PL, PT, SG, SK, ES, SE, CH, TW, TR, UY, US, GB, AD, LI, MC, ID, JP, TH, VN, RO, IL, ZA, SA, AE, BH, QA, OM, KW, EG, MA, DZ, TN, LB, JO, PS, IN, BY, KZ, MD, UA, AL, BA, HR, ME, MK, RS, SI, KR, BD, PK, LK, GH, KE, NG, TZ, UG, AG, AM, BS, BB, BZ, BT, BW, BF, CV, CW, DM, FJ, GM, GE, GD, GW, GY, HT, JM, KI, LS, LR, MW, MV, ML, MH, FM, NA, NR, NE, PW, PG, PR, WS, SM, ST, SN, SC, SL, SB, KN, LC, VC, SR, TL, TO, TT, TV, VU, AZ, BN, BI, KH, CM, TD, KM, GQ, SZ, GA, GN, KG, LA, MO, MR, MN, NP, RW, TG, UZ, ZW, BJ, MG, MU, MZ, AO, CI, DJ, ZM, CD, CG, IQ, LY, TJ, VE, ET, XK",https://open.spotify.com/album/4mFLdK8SkUo3cx8ERLQC92,2008-07-05,day,spotify:album:4mFLdK8SkUo3cx8ERLQC92,333583,72,,False,INY090800026,https://open.spotify.com/track/0gPgdRfB4jdGrlyXS0Vx78,1,track,spotify:track:0gPgdRfB4jdGrlyXS0Vx78,False
NEW DROP,Don Toliver,HARDSTONE PSYCHO,album,16,"AR, AU, AT, BE, BO, BR, BG, CA, CL, CO, CR, CY, CZ, DK, DO, DE, EC, EE, SV, FI, FR, GR, GT, HN, HK, HU, IS, IE, IT, LV, LT, LU, MY, MT, MX, NL, NZ, NI, NO, PA, PY, PE, PH, PL, PT, SG, SK, ES, SE, CH, TW, TR, UY, US, GB, AD, LI, MC, ID, JP, TH, VN, RO, IL, ZA, SA, AE, BH, QA, OM, KW, EG, MA, DZ, TN, LB, JO, PS, IN, KZ, MD, UA, AL, BA, HR, ME, MK, RS, SI, KR, BD, PK, LK, GH, KE, NG, TZ, UG, AG, AM, BS, BB, BZ, BT, BW, BF, CV, CW, DM, FJ, GM, GE, GD, GW, GY, HT, JM, KI, LS, LR, MW, MV, ML, MH, FM, NA, NR, NE, PW, PG, PR, WS, SM, ST, SN, SC, SL, SB, KN, LC, VC, SR, TL, TO, TT, TV, VU, AZ, BN, BI, KH, CM, TD, KM, GQ, SZ, GA, GN, KG, LA, MO, MR, MN, NP, RW, TG, UZ, ZW, BJ, MG, MU, MZ, AO, CI, DJ, ZM, CD, CG, IQ, LY, TJ, VE, ET, XK",https://open.spotify.com/album/0Kzb3u6kMnOJOZXYFSk33F,2024-06-14,day,spotify:album:0Kzb3u6kMnOJOZXYFSk33F,217333,85,,True,USAT22405399,https://open.spotify.com/track/2c7z5oRcPBbqRaBY2mLWcf,2,track,spotify:track:2c7z5oRcPBbqRaBY2mLWcf,False
Somebody Else,The 1975,"I like it when you sleep, for you are so beautiful yet so unaware of it",album,17,"AR, AT, BE, BO, BR, BG, CL, CO, CR, CY, CZ, DK, DO, DE, EC, EE, SV, FI, FR, GR, GT, HN, HK, HU, IS, IE, IT, LV, LT, LU, MY, MT, MX, NL, NI, NO, PA, PY, PE, PH, PL, PT, SG, SK, ES, SE, CH, TW, TR, UY, GB, AD, LI, MC, ID, TH, VN, RO, IL, ZA, SA, AE, BH, QA, OM, KW, EG, MA, DZ, TN, LB, JO, PS, IN, BY, KZ, MD, UA, AL, BA, HR, ME, MK, RS, SI, KR, BD, PK, LK, GH, KE, NG, TZ, UG, AG, AM, BS, BB, BZ, BT, BW, BF, CV, CW, DM, FJ, GM, GE, GD, GW, GY, HT, JM, KI, LS, LR, MW, MV, ML, MH, FM, NA, NR, NE, PW, PG, WS, SM, ST, SN, SC, SL, SB, KN, LC, VC, SR, TL, TO, TT, TV, VU, AZ, BN, BI, KH, CM, TD, KM, GQ, SZ, GA, GN, KG, LA, MO, MR, MN, NP, RW, TG, UZ, ZW, BJ, MG, MU, MZ, AO, CI, DJ, ZM, CD, CG, IQ, LY, TJ, VE, ET, XK",https://open.spotify.com/album/12zl1WmHPFCSyKYbL4vBZn,2016-02-26,day,spotify:album:12zl1WmHPFCSyKYbL4vBZn,347525,70,,True,GBK3W1500426,https://open.spotify.com/track/4m0q0xQ2BNl9SCAGKyfiGZ,10,track,spotify:track:4m0q0xQ2BNl9SCAGKyfiGZ,False
Tujhe Bhula Diya,Vishal-Shekhar,Anjaana Anjaani,album,9,"AR, AU, AT, BE, BO, BR, BG, CA, CL, CO, CR, CY, CZ, DK, DO, DE, EC, EE, SV, FI, FR, GR, GT, HN, HK, HU, IS, IE, IT, LV, LT, LU, MY, MT, MX, NL, NZ, NI, NO, PA, PY, PE, PH, PL, PT, SG, SK, ES, SE, CH, TW, TR, UY, US, GB, AD, LI, MC, ID, JP, TH, VN, RO, IL, ZA, SA, AE, BH, QA, OM, KW, EG, MA, DZ, TN, LB, JO, PS, IN, BY, KZ, MD, UA, AL, BA, HR, ME, MK, RS, SI, KR, BD, PK, LK, GH, KE, NG, TZ, UG, AG, AM, BS, BB, BZ, BT, BW, BF, CV, CW, DM, FJ, GM, GE, GD, GW, GY, HT, JM, KI, LS, LR, MW, MV, ML, MH, FM, NA, NR, NE, PW, PG, PR, WS, SM, ST, SN, SC, SL, SB, KN, LC, VC, SR, TL, TO, TT, TV, VU, AZ, BN, BI, KH, CM, TD, KM, GQ, SZ, GA, GN, KG, LA, MO, MR, MN, NP, RW, TG, UZ, ZW, BJ, MG, MU, MZ, AO, CI, DJ, ZM, CD, CG, IQ, LY, TJ, VE, ET, XK",https://open.spotify.com/album/6FC95PYKFrO8UYhjCidPZ9,2010-08-19,day,spotify:album:6FC95PYKFrO8UYhjCidPZ9,279429,70,,False,INS181007761,https://open.spotify.com/track/4r8JqkhpTb5tzSKKHnVJIJ,5,track,spotify:track:4r8JqkhpTb5tzSKKHnVJIJ,False
Around Me (feat. Don Toliver),Metro Boomin,HEROES & VILLAINS,album,15,"AR, AU, AT, BE, BO, BR, BG, CA, CL, CO, CR, CY, CZ, DK, DO, DE, EC, EE, SV, FI, FR, GR, GT, HN, HK, HU, IS, IE, IT, LV, LT, LU, MY, MT, MX, NL, NZ, NI, NO, PA, PY, PE, PH, PL, PT, SG, SK, ES, SE, CH, TW, TR, UY, US, GB, AD, LI, MC, ID, JP, TH, VN, RO, IL, ZA, SA, AE, BH, QA, OM, KW, EG, MA, DZ, TN, LB, JO, PS, IN, KZ, MD, UA, AL, BA, HR, ME, MK, RS, SI, KR, BD, PK, LK, GH, KE, NG, TZ, UG, AG, AM, BS, BB, BZ, BT, BW, BF, CV, CW, DM, FJ, GM, GE, GD, GW, GY, HT, JM, KI, LS, LR, MW, MV, ML, MH, FM, NA, NR, NE, PW, PG, WS, SM, ST, SN, SC, SL, SB, KN, LC, VC, SR, TL, TO, TT, TV, VU, AZ, BN, BI, KH, CM, TD, KM, GQ, SZ, GA, GN, KG, LA, MO, MR, MN, NP, RW, TG, UZ, ZW, BJ, MG, MU, MZ, AO, CI, DJ, ZM, CD, CG, IQ, LY, TJ, VE, ET, XK",https://open.spotify.com/album/7txGsnDSqVMoRl6RQ9XyZP,2022-12-02,day,spotify:album:7txGsnDSqVMoRl6RQ9XyZP,191520,76,,True,USUG12208788,https://open.spotify.com/track/221qmpQeBNV87sUjQeUTVH,7,track,spotify:track:221qmpQeBNV87sUjQeUTVH,False
Sweater Weather,The Neighbourhood,I Love You.,album,11,"AR, AU, AT, BE, BO, BR, BG, CA, CL, CO, CR, CY, CZ, DK, DO, DE, EC, EE, SV, FI, FR, GR, GT, HN, HK, HU, IS, IT, LV, LT, LU, MY, MT, MX, NL, NZ, NI, NO, PA, PY, PE, PH, PL, PT, SG, SK, ES, SE, CH, TW, TR, UY, US, AD, LI, MC, ID, JP, TH, VN, RO, IL, ZA, SA, AE, BH, QA, OM, KW, EG, MA, DZ, TN, LB, JO, PS, IN, BY, KZ, MD, UA, AL, BA, HR, ME, MK, RS, SI, KR, BD, PK, LK, GH, KE, NG, TZ, UG, AG, AM, BS, BB, BZ, BT, BW, BF, CV, CW, DM, FJ, GM, GE, GD, GW, GY, HT, JM, KI, LS, LR, MW, MV, ML, MH, FM, NA, NR, NE, PW, PG, PR, WS, SM, ST, SN, SC, SL, SB, KN, LC, VC, SR, TL, TO, TT, TV, VU, AZ, BN, BI, KH, CM, TD, KM, GQ, SZ, GA, GN, KG, LA, MO, MR, MN, NP, RW, TG, UZ, ZW, BJ, MG, MU, MZ, AO, CI, DJ, ZM, CD, CG, IQ, LY, TJ, VE, ET, XK",https://open.spotify.com/album/4xkM0BwLM9H2IUcbYzpcBI,2013-04-22,day,spotify:album:4xkM0BwLM9H2IUcbYzpcBI,240400,89,,False,USSM11300080,https://open.spotify.com/track/2QjOHCTQ1Jl3zawyYOpxh6,4,track,spotify:track:2QjOHCTQ1Jl3zawyYOpxh6,False
Comfortably Numb,Pink Floyd,The Wall,album,26,"AD, AE, AG, AL, AO, AR, AU, BA, BB, BD, BF, BG, BH, BI, BJ, BN, BO, BR, BS, BT, BW, BZ, CA, CD, CG, CI, CL, CM, CO, CR, CV, CW, DJ, DM, DO, DZ, EC, EG, ET, FJ, FM, FR, GA, GD, GH, GM, GN, GQ, GT, GW, GY, HK, HN, HR, HT, ID, IL, IN, IQ, JM, JO, JP, KE, KH, KI, KM, KN, KR, KW, LA, LB, LC, LK, LR, LS, LY, MA, MC, ME, MG, MH, MK, ML, MO, MR, MU, MV, MW, MX, MY, MZ, NA, NE, NG, NI, NL, NP, NR, NZ, OM, PA, PE, PG, PH, PK, PL, PR, PS, PW, PY, QA, RO, RS, RW, SA, SB, SC, SG, SI, SL, SN, SR, ST, SV, SZ, TD, TG, TH, TL, TN, TO, TT, TV, TW, TZ, UG, US, UY, VC, VE, VN, VU, WS, XK, ZA, ZM, ZW",https://open.spotify.com/album/5Dbax7G8SWrP9xyzkOvy2F,1979-11-30,day,spotify:album:5Dbax7G8SWrP9xyzkOvy2F,382296,71,,False,GBN9Y1100113,https://open.spotify.com/track/5HNCy40Ni5BZJFw1TKzRsC,6,track,spotify:track:5HNCy40Ni5BZJFw1TKzRsC,False
"What Is Love - 7"" Mix",Haddaway,What Is Love,single,4,"AR, AU, AT, BE, BO, BR, BG, CA, CL, CO, CR, CY, CZ, DK, DO, DE, EC, EE, SV, FI, FR, GR, GT, HN, HK, HU, IS, IE, IT, LV, LT, LU, MY, MT, MX, NL, NZ, NI, NO, PA, PY, PE, PH, PL, PT, SG, SK, ES, SE, CH, TW, TR, UY, US, GB, AD, LI, MC, ID, JP, TH, VN, RO, IL, ZA, SA, AE, BH, QA, OM, KW, EG, MA, DZ, TN, LB, JO, PS, IN, BY, KZ, MD, UA, AL, BA, HR, ME, MK, RS, SI, KR, BD, PK, LK, GH, KE, NG, TZ, UG, AG, AM, BS, BB, BZ, BT, BW, BF, CV, CW, DM, FJ, GM, GE, GD, GW, GY, HT, JM, KI, LS, LR, MW, MV, ML, MH, FM, NA, NR, NE, PW, PG, PR, WS, SM, ST, SN, SC, SL, SB, KN, LC, VC, SR, TL, TO, TT, TV, VU, AZ, BN, BI, KH, CM, TD, KM, GQ, SZ, GA, GN, KG, LA, MO, MR, MN, NP, RW, TG, UZ, ZW, BJ, MG, MU, MZ, AO, CI, DJ, ZM, CD, CG, IQ, LY, TJ, VE, ET, XK",https://open.spotify.com/album/5IrMfIT621GidGPuOSRTB4,1992-01-18,day,spotify:album:5IrMfIT621GidGPuOSRTB4,270373,62,,False,DEA410500401,https://open.spotify.com/track/7JkZ2hQdDonRURJjlMuh8q,1,track,spotify:track:7JkZ2hQdDonRURJjlMuh8q,False
Marooned,Pink Floyd,The Division Bell,album,11,"AD, AE, AG, AL, AO, AR, AU, BA, BB, BD, BF, BG, BH, BI, BJ, BN, BO, BR, BS, BT, BW, BZ, CA, CD, CG, CI, CL, CM, CO, CR, CV, CW, DJ, DM, DO, DZ, EC, EG, ET, FJ, FM, FR, GA, GD, GH, GM, GN, GQ, GT, GW, GY, HK, HN, HR, HT, ID, IL, IN, IQ, JM, JO, JP, KE, KH, KI, KM, KN, KR, KW, LA, LB, LC, LK, LR, LS, LY, MA, MC, ME, MG, MH, MK, ML, MO, MR, MU, MV, MW, MX, MY, MZ, NA, NE, NG, NI, NL, NP, NR, NZ, OM, PA, PE, PG, PH, PK, PL, PR, PS, PW, PY, QA, RO, RS, RW, SA, SB, SC, SG, SI, SL, SN, SR, ST, SV, SZ, TD, TG, TH, TL, TN, TO, TT, TV, TW, TZ, UG, US, UY, VC, VE, VN, VU, WS, XK, ZA, ZM, ZW",https://open.spotify.com/album/5F0IQXuHfTV7SBvZVnXERl,1994,year,spotify:album:5F0IQXuHfTV7SBvZVnXERl,330385,55,,False,GBN9X1100015,https://open.spotify.com/track/6bIPHR8AJG5HAcn9oF21Ma,4,track,spotify:track:6bIPHR8AJG5HAcn9oF21Ma,False
Nutshell,Alice In Chains,Jar Of Flies,album,7,"AR, AU, AT, BE, BO, BR, BG, CA, CL, CO, CR, CY, CZ, DK, DO, DE, EC, EE, SV, FI, FR, GR, GT, HN, HK, HU, IS, IE, IT, LV, LT, LU, MY, MT, MX, NL, NZ, NI, NO, PA, PY, PE, PH, PL, PT, SG, SK, ES, SE, CH, TW, TR, UY, US, GB, AD, LI, MC, ID, JP, TH, VN, RO, IL, ZA, SA, AE, BH, QA, OM, KW, EG, MA, DZ, TN, LB, JO, PS, IN, BY, KZ, MD, UA, AL, BA, HR, ME, MK, RS, SI, KR, BD, PK, LK, GH, KE, NG, TZ, UG, AG, AM, BS, BB, BZ, BT, BW, BF, CV, CW, DM, FJ, GM, GE, GD, GW, GY, HT, JM, KI, LS, LR, MW, MV, ML, MH, FM, NA, NR, NE, PW, PG, PR, WS, SM, ST, SN, SC, SL, SB, KN, LC, VC, SR, TL, TO, TT, TV, VU, AZ, BN, BI, KH, CM, TD, KM, GQ, SZ, GA, GN, KG, LA, MO, MR, MN, NP, RW, TG, UZ, ZW, BJ, MG, MU, MZ, AO, CI, DJ, ZM, CD, CG, IQ, LY, TJ, VE, ET, XK",https://open.spotify.com/album/4FCoFSNIFhK36holxHWCnc,1994,year,spotify:album:4FCoFSNIFhK36holxHWCnc,259200,73,,False,USSM10025671,https://open.spotify.com/track/2JuasWPUodaUxf5nwNpciQ,2,track,spotify:track:2JuasWPUodaUxf5nwNpciQ,False
Knockin' On Heaven's Door,Guns N' Roses,Use Your Illusion II,album,14,"AR, AU, AT, BE, BO, BR, BG, CA, CL, CO, CR, CY, CZ, DK, DO, DE, EC, EE, SV, FI, FR, GR, GT, HN, HK, HU, IS, IE, IT, LV, LT, LU, MY, MT, MX, NL, NZ, NI, NO, PA, PY, PE, PH, PL, PT, SG, SK, ES, SE, CH, TW, TR, UY, US, GB, AD, LI, MC, ID, JP, TH, VN, RO, IL, ZA, SA, AE, BH, QA, OM, KW, EG, MA, DZ, TN, LB, JO, PS, IN, BY, KZ, MD, UA, AL, BA, HR, ME, MK, RS, SI, KR, BD, PK, LK, GH, KE, NG, TZ, UG, AG, AM, BS, BB, BZ, BT, BW, BF, CV, CW, DM, FJ, GM, GE, GD, GW, GY, HT, JM, KI, LS, LR, MW, MV, ML, MH, FM, NA, NR, NE, PW, PG, WS, SM, ST, SN, SC, SL, SB, KN, LC, VC, SR, TL, TO, TT, TV, VU, AZ, BN, BI, KH, CM, TD, KM, GQ, SZ, GA, GN, KG, LA, MO, MR, MN, NP, RW, TG, UZ, ZW, BJ, MG, MU, MZ, AO, CI, DJ, ZM, CD, CG, IQ, LY, TJ, VE, ET, XK",https://open.spotify.com/album/00eiw4KOJZ7eC3NBEpmH4C,1991-09-18,day,spotify:album:00eiw4KOJZ7eC3NBEpmH4C,336000,76,,False,USGF19142004,https://open.spotify.com/track/4JiEyzf0Md7KEFFGWDDdCr,4,track,spotify:track:4JiEyzf0Md7KEFFGWDDdCr,False
Shine On You Crazy Diamond (Pts. 1-5),Pink Floyd,Wish You Were Here,album,5,"AD, AE, AG, AL, AO, AR, AU, BA, BB, BD, BF, BG, BH, BI, BJ, BN, BO, BR, BS, BT, BW, BZ, CA, CD, CG, CI, CL, CM, CO, CR, CV, CW, DJ, DM, DO, DZ, EC, EG, ET, FJ, FM, FR, GA, GD, GH, GM, GN, GQ, GT, GW, GY, HK, HN, HR, HT, ID, IL, IN, IQ, JM, JO, JP, KE, KH, KI, KM, KN, KR, KW, LA, LB, LC, LK, LR, LS, LY, MA, MC, ME, MG, MH, MK, ML, MO, MR, MU, MV, MW, MX, MY, MZ, NA, NE, NG, NI, NL, NP, NR, NZ, OM, PA, PE, PG, PH, PK, PL, PR, PS, PW, PY, QA, RO, RS, RW, SA, SB, SC, SG, SI, SL, SN, SR, ST, SV, SZ, TD, TG, TH, TL, TN, TO, TT, TV, TW, TZ, UG, US, UY, VC, VE, VN, VU, WS, XK, ZA, ZM, ZW",https://open.spotify.com/album/0bCAjiUamIFqKJsekOYuRw,1975-09-12,day,spotify:album:0bCAjiUamIFqKJsekOYuRw,811077,64,,False,GBN9Y1100085,https://open.spotify.com/track/6pnwfWyaWjQiHCKTiZLItr,1,track,spotify:track:6pnwfWyaWjQiHCKTiZLItr,False
Hasi - Male Version,Ami Mishra,Hamari Adhuri Kahani (Original Motion Picture Soundtrack),album,6,"AR, AU, AT, BE, BO, BR, BG, CA, CL, CO, CR, CY, CZ, DK, DO, DE, EC, EE, SV, FI, FR, GR, GT, HN, HK, HU, IS, IE, IT, LV, LT, LU, MY, MT, MX, NL, NZ, NI, NO, PA, PY, PE, PH, PL, PT, SG, SK, ES, SE, CH, TW, TR, UY, US, GB, AD, LI, MC, ID, JP, TH, VN, RO, IL, ZA, SA, AE, BH, QA, OM, KW, EG, MA, DZ, TN, LB, JO, PS, IN, BY, KZ, MD, UA, AL, BA, HR, ME, MK, RS, SI, KR, BD, PK, LK, GH, KE, NG, TZ, UG, AG, AM, BS, BB, BZ, BT, BW, BF, CV, CW, DM, FJ, GM, GE, GD, GW, GY, HT, JM, KI, LS, LR, MW, MV, ML, MH, FM, NA, NR, NE, PW, PG, PR, WS, SM, ST, SN, SC, SL, SB, KN, LC, VC, SR, TL, TO, TT, TV, VU, AZ, BN, BI, KH, CM, TD, KM, GQ, SZ, GA, GN, KG, LA, MO, MR, MN, NP, RW, TG, UZ, ZW, BJ, MG, MU, MZ, AO, CI, DJ, ZM, CD, CG, IQ, LY, TJ, VE, ET, XK",https://open.spotify.com/album/7sVzilmsqYcLMYw2gtvoZM,2015-05-21,day,spotify:album:7sVzilmsqYcLMYw2gtvoZM,272668,71,,False,INS171500727,https://open.spotify.com/track/32765xcLM1fd6wQIpkN9A0,3,track,spotify:track:32765xcLM1fd6wQIpkN9A0,False
You Know How We Do It,Ice Cube,Lethal Injection,album,12,"AR, AU, AT, BE, BO, BR, BG, CA, CL, CO, CR, CY, CZ, DK, DO, DE, EC, EE, SV, FI, FR, GR, GT, HN, HK, HU, IS, IE, IT, LV, LT, LU, MY, MT, MX, NL, NZ, NI, NO, PA, PY, PE, PH, PL, PT, SG, SK, ES, SE, CH, TW, TR, UY, US, GB, AD, LI, MC, ID, JP, TH, VN, RO, IL, ZA, SA, AE, BH, QA, OM, KW, EG, MA, DZ, TN, LB, JO, PS, IN, BY, KZ, MD, UA, AL, BA, HR, ME, MK, RS, SI, KR, BD, PK, LK, GH, KE, NG, TZ, UG, AG, AM, BS, BB, BZ, BT, BW, BF, CV, CW, DM, FJ, GM, GE, GD, GW, GY, HT, JM, KI, LS, LR, MW, MV, ML, MH, FM, NA, NR, NE, PW, PG, WS, SM, ST, SN, SC, SL, SB, KN, LC, VC, SR, TL, TO, TT, TV, VU, AZ, BN, BI, KH, CM, TD, KM, GQ, SZ, GA, GN, KG, LA, MO, MR, MN, NP, RW, TG, UZ, ZW, BJ, MG, MU, MZ, AO, CI, DJ, ZM, CD, CG, IQ, LY, TJ, VE, ET, XK",https://open.spotify.com/album/7JlCbNWZszAdVKZdtHFQ5p,1993-12-07,day,spotify:album:7JlCbNWZszAdVKZdtHFQ5p,232773,76,,True,USPO10300102,https://open.spotify.com/track/2Ih217RCGAmyQR68Nn7Cqo,4,track,spotify:track:2Ih217RCGAmyQR68Nn7Cqo,False
Sweet Child O' Mine,Guns N' Roses,Appetite For Destruction,album,12,"AR, AU, AT, BE, BO, BR, BG, CA, CL, CO, CR, CY, CZ, DK, DO, DE, EC, EE, SV, FI, FR, GR, GT, HN, HK, HU, IS, IE, IT, LV, LT, LU, MY, MT, MX, NL, NZ, NI, NO, PA, PY, PE, PH, PL, PT, SG, SK, ES, SE, CH, TW, TR, UY, US, GB, AD, LI, MC, ID, JP, TH, VN, RO, IL, ZA, SA, AE, BH, QA, OM, KW, EG, MA, DZ, TN, LB, JO, PS, IN, KZ, MD, UA, AL, BA, HR, ME, MK, RS, SI, KR, BD, PK, LK, GH, KE, NG, TZ, UG, AG, AM, BS, BB, BZ, BT, BW, BF, CV, CW, DM, FJ, GM, GE, GD, GW, GY, HT, JM, KI, LS, LR, MW, MV, ML, MH, FM, NA, NR, NE, PW, PG, WS, SM, ST, SN, SC, SL, SB, KN, LC, VC, SR, TL, TO, TT, TV, VU, AZ, BN, BI, KH, CM, TD, KM, GQ, SZ, GA, GN, KG, LA, MO, MR, MN, NP, RW, TG, UZ, ZW, BJ, MG, MU, MZ, AO, CI, DJ, ZM, CD, CG, IQ, LY, TJ, VE, ET, XK",https://open.spotify.com/album/28yHV3Gdg30AiB8h8em1eW,1987-07-21,day,spotify:album:28yHV3Gdg30AiB8h8em1eW,356066,83,,False,USGF18714809,https://open.spotify.com/track/7snQQk1zcKl8gZ92AnueZW,9,track,spotify:track:7snQQk1zcKl8gZ92AnueZW,False
Alison,Yogi Lang,No Decoder,album,12,"AR, AU, AT, BE, BO, BR, BG, CA, CL, CO, CR, CY, CZ, DK, DO, DE, EC, EE, SV, FI, FR, GR, GT, HN, HK, HU, IS, IE, IT, LV, LT, LU, MY, MT, MX, NL, NZ, NI, NO, PA, PY, PE, PH, PL, PT, SG, SK, ES, SE, CH, TW, TR, UY, US, GB, AD, LI, MC, ID, JP, TH, VN, RO, IL, ZA, SA, AE, BH, QA, OM, KW, EG, MA, DZ, TN, LB, JO, PS, IN, BY, KZ, MD, UA, AL, BA, HR, ME, MK, RS, SI, KR, BD, PK, LK, GH, KE, NG, TZ, UG, AG, AM, BS, BB, BZ, BT, BW, BF, CV, CW, DM, FJ, GM, GE, GD, GW, GY, HT, JM, KI, LS, LR, MW, MV, ML, MH, FM, NA, NR, NE, PW, PG, PR, WS, SM, ST, SN, SC, SL, SB, KN, LC, VC, SR, TL, TO, TT, TV, VU, AZ, BN, BI, KH, CM, TD, KM, GQ, SZ, GA, GN, KG, LA, MO, MR, MN, NP, RW, TG, UZ, ZW, BJ, MG, MU, MZ, AO, CI, DJ, ZM, CD, CG, IQ, LY, TJ, VE, ET, XK",https://open.spotify.com/album/1L23VrLRr7cOeqnNv6LcFC,2010-11-05,day,spotify:album:1L23VrLRr7cOeqnNv6LcFC,227413,36,,False,DENC11000018,https://open.spotify.com/track/1KwZNx5gEnDngTg7NMrG9Y,7,track,spotify:track:1KwZNx5gEnDngTg7NMrG9Y,False
One More Light,Linkin Park,One More Light,album,10,"AR, AU, AT, BE, BO, BR, BG, CA, CL, CO, CR, CY, CZ, DK, DO, DE, EC, EE, SV, FI, FR, GR, GT, HN, HK, HU, IS, IE, IT, LV, LT, LU, MY, MT, MX, NL, NZ, NI, NO, PA, PY, PE, PH, PL, PT, SG, SK, ES, SE, CH, TW, TR, UY, US, GB, AD, LI, MC, ID, JP, TH, VN, RO, IL, ZA, SA, AE, BH, QA, OM, KW, EG, MA, DZ, TN, LB, JO, PS, IN, BY, KZ, MD, UA, AL, BA, HR, ME, MK, RS, SI, KR, BD, PK, LK, GH, KE, NG, TZ, UG, AG, AM, BS, BB, BZ, BT, BW, BF, CV, CW, DM, FJ, GM, GE, GD, GW, GY, HT, JM, KI, LS, LR, MW, MV, ML, MH, FM, NA, NR, NE, PW, PG, WS, SM, ST, SN, SC, SL, SB, KN, LC, VC, SR, TL, TO, TT, TV, VU, AZ, BN, BI, KH, CM, TD, KM, GQ, SZ, GA, GN, KG, LA, MO, MR, MN, NP, RW, TG, UZ, ZW, BJ, MG, MU, MZ, AO, CI, DJ, ZM, CD, CG, IQ, LY, TJ, VE, ET, XK",https://open.spotify.com/album/5Eevxp2BCbWq25ZdiXRwYd,2017-05-19,day,spotify:album:5Eevxp2BCbWq25ZdiXRwYd,255066,72,,False,USWB11700225,https://open.spotify.com/track/3xXBsjrbG1xQIm1xv1cKOt,9,track,spotify:track:3xXBsjrbG1xQIm1xv1cKOt,False
Choo Lo,The Local Train,Aalas Ka Pedh,album,9,"AR, AU, AT, BE, BO, BR, BG, CA, CL, CO, CR, CY, CZ, DK, DO, DE, EC, EE, SV, FI, FR, GR, GT, HN, HK, HU, IS, IE, IT, LV, LT, LU, MY, MT, MX, NL, NZ, NI, NO, PA, PY, PE, PH, PL, PT, SG, SK, ES, SE, CH, TW, TR, UY, US, GB, AD, LI, MC, ID, JP, TH, VN, RO, IL, ZA, SA, AE, BH, QA, OM, KW, EG, MA, DZ, TN, LB, JO, PS, IN, BY, KZ, MD, UA, AL, BA, HR, ME, MK, RS, SI, KR, BD, PK, LK, GH, KE, NG, TZ, UG, AG, AM, BS, BB, BZ, BT, BW, BF, CV, CW, DM, FJ, GM, GE, GD, GW, GY, HT, JM, KI, LS, LR, MW, MV, ML, MH, FM, NA, NR, NE, PW, PG, PR, WS, SM, ST, SN, SC, SL, SB, KN, LC, VC, SR, TL, TO, TT, TV, VU, AZ, BN, BI, KH, CM, TD, KM, GQ, SZ, GA, GN, KG, LA, MO, MR, MN, NP, RW, TG, UZ, ZW, BJ, MG, MU, MZ, AO, CI, DJ, ZM, CD, CG, IQ, LY, TJ, VE, ET, XK",https://open.spotify.com/album/5xOkxpVDHdpWkI9mNfYXab,2015-09-25,day,spotify:album:5xOkxpVDHdpWkI9mNfYXab,233630,71,,False,INO131301172,https://open.spotify.com/track/0rlLBWFFTQiOWi963SH9bb,4,track,spotify:track:0rlLBWFFTQiOWi963SH9bb,False
Stairway to Heaven - Remaster,Led Zeppelin,Led Zeppelin IV (Deluxe Edition),album,16,"AR, AU, AT, BE, BO, BR, BG, CA, CL, CO, CR, CY, CZ, DK, DO, DE, EC, EE, SV, FI, FR, GR, GT, HN, HK, HU, IS, IE, IT, LV, LT, LU, MY, MT, MX, NL, NZ, NI, NO, PA, PY, PE, PH, PL, PT, SG, SK, ES, SE, CH, TW, TR, UY, US, GB, AD, LI, MC, ID, JP, TH, VN, RO, IL, ZA, SA, AE, BH, QA, OM, KW, EG, MA, DZ, TN, LB, JO, PS, IN, BY, KZ, MD, UA, AL, BA, HR, ME, MK, RS, SI, KR, BD, PK, LK, GH, KE, NG, TZ, UG, AG, AM, BS, BB, BZ, BT, BW, BF, CV, CW, DM, FJ, GM, GE, GD, GW, GY, HT, JM, KI, LS, LR, MW, MV, ML, MH, FM, NA, NR, NE, PW, PG, PR, WS, SM, ST, SN, SC, SL, SB, KN, LC, VC, SR, TL, TO, TT, TV, VU, AZ, BN, BI, KH, CM, TD, KM, GQ, SZ, GA, GN, KG, LA, MO, MR, MN, NP, RW, TG, UZ, ZW, BJ, MG, MU, MZ, AO, CI, DJ, ZM, CD, CG, IQ, LY, TJ, VE, ET, XK",https://open.spotify.com/album/44Ig8dzqOkvkGDzaUof9lK,1971-11-08,day,spotify:album:44Ig8dzqOkvkGDzaUof9lK,482830,76,,False,USAT21300959,https://open.spotify.com/track/5CQ30WqJwcep0pYcV4AMNc,4,track,spotify:track:5CQ30WqJwcep0pYcV4AMNc,False
Back In Black,AC/DC,Back In Black,album,10,"AR, AU, AT, BE, BO, BR, BG, CA, CL, CO, CR, CY, CZ, DK, DO, DE, EC, EE, SV, FI, FR, GR, GT, HN, HK, HU, IS, IE, IT, LV, LT, LU, MY, MT, MX, NL, NZ, NI, NO, PA, PY, PE, PH, PL, PT, SG, SK, ES, SE, CH, TW, TR, UY, US, GB, AD, LI, MC, ID, JP, TH, VN, RO, IL, ZA, SA, AE, BH, QA, OM, KW, EG, MA, DZ, TN, LB, JO, PS, IN, BY, KZ, MD, UA, AL, BA, HR, ME, MK, RS, SI, KR, BD, PK, LK, GH, KE, NG, TZ, UG, AG, AM, BS, BB, BZ, BT, BW, BF, CV, CW, DM, FJ, GM, GE, GD, GW, GY, HT, JM, KI, LS, LR, MW, MV, ML, MH, FM, NA, NR, NE, PW, PG, PR, WS, SM, ST, SN, SC, SL, SB, KN, LC, VC, SR, TL, TO, TT, TV, VU, AZ, BN, BI, KH, CM, TD, KM, GQ, SZ, GA, GN, KG, LA, MO, MR, MN, NP, RW, TG, UZ, ZW, BJ, MG, MU, MZ, AO, CI, DJ, ZM, CD, CG, IQ, LY, TJ, VE, ET, XK",https://open.spotify.com/album/6mUdeDZCsExyJLMdAfDuwh,1980-07-25,day,spotify:album:6mUdeDZCsExyJLMdAfDuwh,255493,82,,False,AUAP08000046,https://open.spotify.com/track/08mG3Y1vljYA6bvDt4Wqkj,6,track,spotify:track:08mG3Y1vljYA6bvDt4Wqkj,False
Another One Bites The Dust - Remastered 2011,Queen,The Game (2011 Remaster),album,10,"AR, AU, AT, BE, BO, BR, BG, CL, CO, CR, CY, CZ, DK, DO, DE, EC, EE, SV, FI, FR, GR, GT, HN, HK, HU, IS, IE, IT, LV, LT, LU, MY, MT, MX, NL, NZ, NI, NO, PA, PY, PE, PH, PL, PT, SG, SK, ES, SE, CH, TW, TR, UY, GB, AD, LI, MC, ID, JP, TH, VN, RO, IL, ZA, SA, AE, BH, QA, OM, KW, EG, MA, DZ, TN, LB, JO, PS, IN, BY, KZ, MD, UA, AL, BA, HR, ME, MK, RS, SI, KR, BD, PK, LK, GH, KE, NG, TZ, UG, AG, AM, BS, BB, BZ, BT, BW, BF, CV, CW, DM, FJ, GM, GE, GD, GW, GY, HT, JM, KI, LS, LR, MW, MV, ML, MH, FM, NA, NR, NE, PW, PG, WS, SM, ST, SN, SC, SL, SB, KN, LC, VC, SR, TL, TO, TT, TV, VU, AZ, BN, BI, KH, CM, TD, KM, GQ, SZ, GA, GN, KG, LA, MO, MR, MN, NP, RW, TG, UZ, ZW, BJ, MG, MU, MZ, AO, CI, DJ, ZM, CD, CG, IQ, LY, TJ, VE, ET, XK",https://open.spotify.com/album/58alCatewkjNm9IM1Ucj67,1980-06-27,day,spotify:album:58alCatewkjNm9IM1Ucj67,214653,80,,False,GBUM71029605,https://open.spotify.com/track/5vdp5UmvTsnMEMESIF2Ym7,3,track,spotify:track:5vdp5UmvTsnMEMESIF2Ym7,False
When A Blind Man Cries - Remastered,Deep Purple,Machine Head (Remastered),album,8,"AR, AU, AT, BE, BO, BR, BG, CL, CO, CR, CY, CZ, DK, DO, DE, EC, EE, SV, FI, FR, GR, GT, HN, HK, HU, IS, IE, IT, LV, LT, LU, MY, MT, MX, NL, NZ, NI, NO, PA, PY, PE, PH, PL, PT, SG, SK, ES, SE, CH, TW, TR, UY, GB, AD, LI, MC, ID, TH, VN, RO, IL, ZA, SA, AE, BH, QA, OM, KW, EG, MA, DZ, TN, LB, JO, PS, IN, BY, KZ, MD, UA, AL, BA, HR, ME, MK, RS, SI, KR, BD, PK, LK, GH, KE, NG, TZ, UG, AG, AM, BS, BB, BZ, BT, BW, BF, CV, CW, DM, FJ, GM, GE, GD, GW, GY, HT, JM, KI, LS, LR, MW, MV, ML, MH, FM, NA, NR, NE, PW, PG, WS, SM, ST, SN, SC, SL, SB, KN, LC, VC, SR, TL, TO, TT, TV, VU, AZ, BN, BI, KH, CM, TD, KM, GQ, SZ, GA, GN, KG, LA, MO, MR, MN, NP, RW, TG, UZ, ZW, BJ, MG, MU, MZ, AO, CI, DJ, ZM, CD, CG, IQ, LY, TJ, VE, ET, XK",https://open.spotify.com/album/32NQ56VZDTXSH3SMv4XSGN,1972-03-25,day,spotify:album:32NQ56VZDTXSH3SMv4XSGN,209246,58,,False,GBDXG1200009,https://open.spotify.com/track/0JtcFIgrkSagrM5JdFakeO,8,track,spotify:track:0JtcFIgrkSagrM5JdFakeO,False
Where Is My Mind?,Pixies,Death to the Pixies,compilation,17,"AR, AU, AT, BE, BO, BR, BG, CA, CL, CO, CR, CY, CZ, DK, DO, DE, EC, EE, SV, FI, FR, GR, GT, HN, HK, HU, IS, IE, IT, LV, LT, LU, MY, MT, MX, NL, NZ, NI, NO, PA, PY, PE, PH, PL, PT, SG, SK, ES, SE, CH, TW, TR, UY, US, GB, AD, LI, MC, ID, JP, TH, VN, RO, IL, ZA, SA, AE, BH, QA, OM, KW, EG, MA, DZ, TN, LB, JO, PS, IN, BY, KZ, MD, UA, AL, BA, HR, ME, MK, RS, SI, KR, BD, PK, LK, GH, KE, NG, TZ, UG, AG, AM, BS, BB, BZ, BT, BW, BF, CV, CW, DM, FJ, GM, GE, GD, GW, GY, HT, JM, KI, LS, LR, MW, MV, ML, MH, FM, NA, NR, NE, PW, PG, PR, WS, SM, ST, SN, SC, SL, SB, KN, LC, VC, SR, TL, TO, TT, TV, VU, AZ, BN, BI, KH, CM, TD, KM, GQ, SZ, GA, GN, KG, LA, MO, MR, MN, NP, RW, TG, UZ, ZW, BJ, MG, MU, MZ, AO, CI, DJ, ZM, CD, CG, IQ, LY, TJ, VE, ET, XK",https://open.spotify.com/album/2A4zIVdm7JjHaNo9cop985,1997-10-06,day,spotify:album:2A4zIVdm7JjHaNo9cop985,229226,71,,False,GBAFL9700100,https://open.spotify.com/track/0KzAbK6nItSqNh8q70tb0K,14,track,spotify:track:0KzAbK6nItSqNh8q70tb0K,False
Tumhe Jo Maine Dekha,Abhijeet,Main Hoon Na,album,10,"AR, AU, AT, BE, BO, BR, BG, CA, CL, CO, CR, CY, CZ, DK, DO, DE, EC, EE, SV, FI, FR, GR, GT, HN, HK, HU, IS, IE, IT, LV, LT, LU, MY, MT, MX, NL, NZ, NI, NO, PA, PY, PE, PH, PL, PT, SG, SK, ES, SE, CH, TW, TR, UY, US, GB, AD, LI, MC, ID, JP, TH, VN, RO, IL, ZA, SA, AE, BH, QA, OM, KW, EG, MA, DZ, TN, LB, JO, PS, IN, BY, KZ, MD, UA, AL, BA, HR, ME, MK, RS, SI, KR, BD, PK, LK, GH, KE, NG, TZ, UG, AG, AM, BS, BB, BZ, BT, BW, BF, CV, CW, DM, FJ, GM, GE, GD, GW, GY, HT, JM, KI, LS, LR, MW, MV, ML, MH, FM, NA, NR, NE, PW, PG, PR, WS, SM, ST, SN, SC, SL, SB, KN, LC, VC, SR, TL, TO, TT, TV, VU, AZ, BN, BI, KH, CM, TD, KM, GQ, SZ, GA, GN, KG, LA, MO, MR, MN, NP, RW, TG, UZ, ZW, BJ, MG, MU, MZ, AO, CI, DJ, ZM, CD, CG, IQ, LY, TJ, VE, ET, XK",https://open.spotify.com/album/2QyR1r0XwtvljXEZs9I3ge,2004-02-27,day,spotify:album:2QyR1r0XwtvljXEZs9I3ge,341146,66,,False,INS180461112,https://open.spotify.com/track/0pPGUL7171TRGgI6wyP8wP,2,track,spotify:track:0pPGUL7171TRGgI6wyP8wP,False
In The Air Tonight - 2015 Remastered,Phil Collins,Face Value (Deluxe Editon),album,24,"AR, AU, AT, BE, BO, BR, BG, CA, CL, CO, CR, CY, CZ, DK, DO, DE, EC, EE, SV, FI, FR, GR, GT, HN, HK, HU, IS, IE, IT, LV, LT, LU, MY, MT, MX, NL, NZ, NI, NO, PA, PY, PE, PH, PL, PT, SG, SK, ES, SE, CH, TW, TR, UY, US, GB, AD, LI, MC, ID, TH, VN, RO, IL, ZA, SA, AE, BH, QA, OM, KW, EG, MA, DZ, TN, LB, JO, PS, IN, BY, KZ, MD, UA, AL, BA, HR, ME, MK, RS, SI, KR, BD, PK, LK, GH, KE, NG, TZ, UG, AG, AM, BS, BB, BZ, BT, BW, BF, CV, CW, DM, FJ, GM, GE, GD, GW, GY, HT, JM, KI, LS, LR, MW, MV, ML, MH, FM, NA, NR, NE, PW, PG, WS, SM, ST, SN, SC, SL, SB, KN, LC, VC, SR, TL, TO, TT, TV, VU, AZ, BN, BI, KH, CM, TD, KM, GQ, SZ, GA, GN, KG, LA, MO, MR, MN, NP, RW, TG, UZ, ZW, BJ, MG, MU, MZ, AO, CI, DJ, ZM, CD, CG, IQ, LY, TJ, VE, ET, XK",https://open.spotify.com/album/1cM3r0WQZWNkCpEbmFjLln,1981-01-01,day,spotify:album:1cM3r0WQZWNkCpEbmFjLln,336453,76,,False,USAT21502120,https://open.spotify.com/track/18AXbzPzBS8Y3AkgSxzJPb,1,track,spotify:track:18AXbzPzBS8Y3AkgSxzJPb,False
Zara Sa,Pritam,Jannat (Original Motion Picture Soundtrack),album,8,"AR, AU, AT, BE, BO, BR, BG, CA, CL, CO, CR, CY, CZ, DK, DO, DE, EC, EE, SV, FI, FR, GR, GT, HN, HK, HU, IS, IE, IT, LV, LT, LU, MY, MT, NL, NZ, NI, NO, PA, PY, PE, PH, PL, PT, SG, SK, ES, SE, CH, TW, TR, UY, US, GB, AD, LI, MC, ID, JP, TH, VN, RO, IL, ZA, SA, AE, BH, QA, OM, KW, EG, MA, DZ, TN, LB, JO, PS, IN, BY, KZ, MD, UA, AL, BA, HR, ME, MK, RS, SI, KR, BD, PK, LK, GH, KE, NG, TZ, UG, AG, AM, BS, BB, BZ, BT, BW, BF, CV, CW, DM, FJ, GM, GE, GD, GW, GY, HT, JM, KI, LS, LR, MW, MV, ML, MH, FM, NA, NR, NE, PW, PG, PR, WS, SM, ST, SN, SC, SL, SB, KN, LC, VC, SR, TL, TO, TT, TV, VU, AZ, BN, BI, KH, CM, TD, KM, GQ, SZ, GA, GN, KG, LA, MO, MR, MN, NP, RW, TG, UZ, ZW, BJ, MG, MU, MZ, AO, CI, DJ, ZM, CD, CG, IQ, LY, TJ, VE, ET, XK",https://open.spotify.com/album/153Qw0xXJqhEFxvm9M9rE8,2008-03-07,day,spotify:album:153Qw0xXJqhEFxvm9M9rE8,303680,71,,False,INS170800033,https://open.spotify.com/track/18YHbIhrleUkKKj2DvEp79,1,track,spotify:track:18YHbIhrleUkKKj2DvEp79,False
Happy Together,The Turtles,Happy Together,album,14,"AR, AU, AT, BE, BO, BR, BG, CA, CL, CO, CR, CY, CZ, DK, DO, DE, EC, EE, SV, FI, FR, GR, GT, HN, HK, HU, IS, IE, IT, LV, LT, LU, MY, MT, MX, NL, NZ, NI, NO, PA, PY, PE, PH, PL, PT, SG, SK, ES, SE, CH, TW, TR, UY, US, GB, AD, LI, MC, ID, JP, TH, VN, RO, IL, ZA, SA, AE, BH, QA, OM, KW, EG, MA, DZ, TN, LB, JO, PS, IN, BY, KZ, MD, UA, AL, BA, HR, MK, SI, KR, BD, PK, LK, GH, KE, NG, TZ, UG, AG, AM, BS, BB, BZ, BT, BW, BF, CV, CW, DM, FJ, GM, GE, GD, GW, GY, HT, JM, KI, LS, LR, MW, MV, ML, MH, FM, NA, NR, NE, PW, PG, PR, WS, SM, ST, SN, SC, SL, SB, KN, LC, VC, SR, TL, TO, TT, TV, VU, AZ, BN, BI, KH, CM, TD, KM, GQ, SZ, GA, GN, KG, LA, MO, MR, MN, NP, RW, TG, UZ, ZW, BJ, MG, MU, MZ, AO, CI, DJ, ZM, CD, CG, IQ, LY, TJ, VE, ET",https://open.spotify.com/album/2pMxs38Y5A0mmHrcu3twvB,1967,year,spotify:album:2pMxs38Y5A0mmHrcu3twvB,176293,74,,False,USA560587940,https://open.spotify.com/track/1JO1xLtVc8mWhIoE3YaCL0,6,track,spotify:track:1JO1xLtVc8mWhIoE3YaCL0,False
Have a Cigar,Pink Floyd,Wish You Were Here,album,5,"AD, AE, AG, AL, AO, AR, AU, BA, BB, BD, BF, BG, BH, BI, BJ, BN, BO, BR, BS, BT, BW, BZ, CA, CD, CG, CI, CL, CM, CO, CR, CV, CW, DJ, DM, DO, DZ, EC, EG, ET, FJ, FM, FR, GA, GD, GH, GM, GN, GQ, GT, GW, GY, HK, HN, HR, HT, ID, IL, IN, IQ, JM, JO, JP, KE, KH, KI, KM, KN, KR, KW, LA, LB, LC, LK, LR, LS, LY, MA, MC, ME, MG, MH, MK, ML, MO, MR, MU, MV, MW, MX, MY, MZ, NA, NE, NG, NI, NL, NP, NR, NZ, OM, PA, PE, PG, PH, PK, PL, PR, PS, PW, PY, QA, RO, RS, RW, SA, SB, SC, SG, SI, SL, SN, SR, ST, SV, SZ, TD, TG, TH, TL, TN, TO, TT, TV, TW, TZ, UG, US, UY, VC, VE, VN, VU, WS, XK, ZA, ZM, ZW",https://open.spotify.com/album/0bCAjiUamIFqKJsekOYuRw,1975-09-12,day,spotify:album:0bCAjiUamIFqKJsekOYuRw,307733,63,,False,GBN9Y1100087,https://open.spotify.com/track/3CmHvyZQQAGkKkTjTBFWN6,3,track,spotify:track:3CmHvyZQQAGkKkTjTBFWN6,False
Wake Me up When September Ends,Green Day,American Idiot,album,9,"AR, AU, AT, BE, BO, BR, BG, CA, CL, CO, CR, CY, CZ, DK, DO, DE, EC, EE, SV, FI, FR, GR, GT, HN, HK, HU, IS, IE, IT, LV, LT, LU, MY, MT, MX, NL, NZ, NI, NO, PA, PY, PE, PH, PL, PT, SG, SK, ES, SE, CH, TW, TR, UY, US, GB, AD, LI, MC, ID, JP, TH, VN, RO, IL, ZA, SA, AE, BH, QA, OM, KW, EG, MA, DZ, TN, LB, JO, PS, IN, BY, KZ, MD, UA, AL, BA, HR, ME, MK, RS, SI, KR, BD, PK, LK, GH, KE, NG, TZ, UG, AG, AM, BS, BB, BZ, BT, BW, BF, CV, CW, DM, FJ, GM, GE, GD, GW, GY, HT, JM, KI, LS, LR, MW, MV, ML, MH, FM, NA, NR, NE, PW, PG, PR, WS, SM, ST, SN, SC, SL, SB, KN, LC, VC, SR, TL, TO, TT, TV, VU, AZ, BN, BI, KH, CM, TD, KM, GQ, SZ, GA, GN, KG, LA, MO, MR, MN, NP, RW, TG, UZ, ZW, BJ, MG, MU, MZ, AO, CI, DJ, ZM, CD, CG, IQ, LY, TJ, VE, ET, XK",https://open.spotify.com/album/5dN7F9DV0Qg1XRdIgW8rke,2004-09-21,day,spotify:album:5dN7F9DV0Qg1XRdIgW8rke,285653,76,,False,USRE10400992,https://open.spotify.com/track/3ZffCQKLFLUvYM59XKLbVm,7,track,spotify:track:3ZffCQKLFLUvYM59XKLbVm,False
Dil Dhadakne Do,Joi Barua,Zindagi Na Milegi Dobara,album,12,"AR, AU, AT, BE, BO, BR, BG, CA, CL, CO, CR, CY, CZ, DK, DO, DE, EC, EE, SV, FI, FR, GR, GT, HN, HK, HU, IS, IE, IT, LV, LT, LU, MY, MT, MX, NL, NZ, NI, NO, PA, PY, PE, PH, PL, PT, SG, SK, ES, SE, CH, TW, TR, UY, US, GB, AD, LI, MC, ID, JP, TH, VN, RO, IL, ZA, SA, AE, BH, QA, OM, KW, EG, MA, DZ, TN, LB, JO, PS, IN, BY, KZ, MD, UA, AL, BA, HR, ME, MK, RS, SI, KR, BD, PK, LK, GH, KE, NG, TZ, UG, AG, AM, BS, BB, BZ, BT, BW, BF, CV, CW, DM, FJ, GM, GE, GD, GW, GY, HT, JM, KI, LS, LR, MW, MV, ML, MH, FM, NA, NR, NE, PW, PG, PR, WS, SM, ST, SN, SC, SL, SB, KN, LC, VC, SR, TL, TO, TT, TV, VU, AZ, BN, BI, KH, CM, TD, KM, GQ, SZ, GA, GN, KG, LA, MO, MR, MN, NP, RW, TG, UZ, ZW, BJ, MG, MU, MZ, AO, CI, DJ, ZM, CD, CG, IQ, LY, TJ, VE, ET, XK",https://open.spotify.com/album/6Baavsh6HfNka1IyvPrr24,2011-06-06,day,spotify:album:6Baavsh6HfNka1IyvPrr24,230318,57,,False,INS181101715,https://open.spotify.com/track/46elU7IBKWf55D5sjHGqO7,1,track,spotify:track:46elU7IBKWf55D5sjHGqO7,False
Shape Of My Heart,Sting,Ten Summoner's Tales,album,12,"AR, AU, AT, BE, BO, BR, BG, CA, CL, CO, CR, CY, CZ, DK, DO, DE, EC, EE, SV, FI, FR, GR, GT, HN, HK, HU, IS, IE, IT, LV, LT, LU, MY, MT, MX, NL, NZ, NI, NO, PA, PY, PE, PH, PL, PT, SG, SK, ES, SE, CH, TW, TR, UY, US, GB, AD, LI, MC, ID, JP, TH, VN, RO, IL, ZA, SA, AE, BH, QA, OM, KW, EG, MA, DZ, TN, LB, JO, PS, IN, BY, KZ, MD, UA, AL, BA, HR, ME, MK, RS, SI, KR, BD, PK, LK, GH, KE, NG, TZ, UG, AG, AM, BS, BB, BZ, BT, BW, BF, CV, CW, DM, FJ, GM, GE, GD, GW, GY, HT, JM, KI, LS, LR, MW, MV, ML, MH, FM, NA, NR, NE, PW, PG, WS, SM, ST, SN, SC, SL, SB, KN, LC, VC, SR, TL, TO, TT, TV, VU, AZ, BN, BI, KH, CM, TD, KM, GQ, SZ, GA, GN, KG, LA, MO, MR, MN, NP, RW, TG, UZ, ZW, BJ, MG, MU, MZ, AO, CI, DJ, ZM, CD, CG, IQ, LY, TJ, VE, ET, XK",https://open.spotify.com/album/5kV0KBXfELibs6qQJLmOtg,1993-03-01,day,spotify:album:5kV0KBXfELibs6qQJLmOtg,279226,73,,False,GBAAM9390010,https://open.spotify.com/track/6CKoWCWAqEVWVjpeoJXyNH,10,track,spotify:track:6CKoWCWAqEVWVjpeoJXyNH,False
Still Rollin,Shubh,Still Rollin,album,7,"AR, AU, AT, BE, BO, BR, BG, CA, CL, CO, CR, CY, CZ, DK, DO, DE, EC, EE, SV, FI, FR, GR, GT, HN, HK, HU, IS, IE, IT, LV, LT, LU, MY, MT, MX, NL, NZ, NI, NO, PA, PY, PE, PH, PL, PT, SG, SK, ES, SE, CH, TW, TR, UY, US, GB, AD, LI, MC, ID, JP, TH, VN, RO, IL, ZA, SA, AE, BH, QA, OM, KW, EG, MA, DZ, TN, LB, JO, PS, IN, BY, KZ, MD, UA, AL, BA, HR, ME, MK, RS, SI, KR, BD, PK, LK, GH, KE, NG, TZ, UG, AG, AM, BS, BB, BZ, BT, BW, BF, CV, CW, DM, FJ, GM, GE, GD, GW, GY, HT, JM, KI, LS, LR, MW, MV, ML, MH, FM, NA, NR, NE, PW, PG, PR, WS, SM, ST, SN, SC, SL, SB, KN, LC, VC, SR, TL, TO, TT, TV, VU, AZ, BN, BI, KH, CM, TD, KM, GQ, SZ, GA, GN, KG, LA, MO, MR, MN, NP, RW, TG, UZ, ZW, BJ, MG, MU, MZ, AO, CI, DJ, ZM, CD, CG, IQ, LY, TJ, VE, ET, XK",https://open.spotify.com/album/5AivaZj0CiQJoDWqVH2pbh,2023-05-19,day,spotify:album:5AivaZj0CiQJoDWqVH2pbh,174730,70,,False,QM6P42332209,https://open.spotify.com/track/6oz1L5jcqZWYuId7nxvIan,1,track,spotify:track:6oz1L5jcqZWYuId7nxvIan,False
Softcore,The Neighbourhood,Hard To Imagine The Neighbourhood Ever Changing,album,21,"AR, AU, AT, BE, BO, BR, BG, CA, CL, CO, CR, CY, CZ, DK, DO, DE, EC, EE, SV, FI, FR, GR, GT, HN, HK, HU, IS, IE, IT, LV, LT, LU, MY, MT, MX, NL, NZ, NI, NO, PA, PY, PE, PH, PL, PT, SG, SK, ES, SE, CH, TW, TR, UY, US, GB, AD, LI, MC, ID, JP, TH, VN, RO, IL, ZA, SA, AE, BH, QA, OM, KW, EG, MA, DZ, TN, LB, JO, PS, IN, BY, KZ, MD, UA, AL, BA, HR, ME, MK, RS, SI, KR, BD, PK, LK, GH, KE, NG, TZ, UG, AG, AM, BS, BB, BZ, BT, BW, BF, CV, CW, DM, FJ, GM, GE, GD, GW, GY, HT, JM, KI, LS, LR, MW, MV, ML, MH, FM, NA, NR, NE, PW, PG, PR, WS, SM, ST, SN, SC, SL, SB, KN, LC, VC, SR, TL, TO, TT, TV, VU, AZ, BN, BI, KH, CM, TD, KM, GQ, SZ, GA, GN, KG, LA, MO, MR, MN, NP, RW, TG, UZ, ZW, BJ, MG, MU, MZ, AO, CI, DJ, ZM, CD, CG, IQ, LY, TJ, VE, ET, XK",https://open.spotify.com/album/0ODLCdHBFVvKwJGeSfd1jy,2018-11-02,day,spotify:album:0ODLCdHBFVvKwJGeSfd1jy,206280,84,,False,USSM11800523,https://open.spotify.com/track/2K7xn816oNHJZ0aVqdQsha,5,track,spotify:track:2K7xn816oNHJZ0aVqdQsha,False
No Decoder,Yogi Lang,No Decoder,album,12,"AR, AU, AT, BE, BO, BR, BG, CA, CL, CO, CR, CY, CZ, DK, DO, DE, EC, EE, SV, FI, FR, GR, GT, HN, HK, HU, IS, IE, IT, LV, LT, LU, MY, MT, MX, NL, NZ, NI, NO, PA, PY, PE, PH, PL, PT, SG, SK, ES, SE, CH, TW, TR, UY, US, GB, AD, LI, MC, ID, JP, TH, VN, RO, IL, ZA, SA, AE, BH, QA, OM, KW, EG, MA, DZ, TN, LB, JO, PS, IN, BY, KZ, MD, UA, AL, BA, HR, ME, MK, RS, SI, KR, BD, PK, LK, GH, KE, NG, TZ, UG, AG, AM, BS, BB, BZ, BT, BW, BF, CV, CW, DM, FJ, GM, GE, GD, GW, GY, HT, JM, KI, LS, LR, MW, MV, ML, MH, FM, NA, NR, NE, PW, PG, PR, WS, SM, ST, SN, SC, SL, SB, KN, LC, VC, SR, TL, TO, TT, TV, VU, AZ, BN, BI, KH, CM, TD, KM, GQ, SZ, GA, GN, KG, LA, MO, MR, MN, NP, RW, TG, UZ, ZW, BJ, MG, MU, MZ, AO, CI, DJ, ZM, CD, CG, IQ, LY, TJ, VE, ET, XK",https://open.spotify.com/album/1L23VrLRr7cOeqnNv6LcFC,2010-11-05,day,spotify:album:1L23VrLRr7cOeqnNv6LcFC,254986,52,,False,DENC11000017,https://open.spotify.com/track/5IbYzV2VzATfYU8JElbQgo,6,track,spotify:track:5IbYzV2VzATfYU8JElbQgo,False
Paradise City,Guns N' Roses,Appetite For Destruction,album,12,"AR, AU, AT, BE, BO, BR, BG, CA, CL, CO, CR, CY, CZ, DK, DO, DE, EC, EE, SV, FI, FR, GR, GT, HN, HK, HU, IS, IE, IT, LV, LT, LU, MY, MT, MX, NL, NZ, NI, NO, PA, PY, PE, PH, PL, PT, SG, SK, ES, SE, CH, TW, TR, UY, US, GB, AD, LI, MC, ID, JP, TH, VN, RO, IL, ZA, SA, AE, BH, QA, OM, KW, EG, MA, DZ, TN, LB, JO, PS, IN, KZ, MD, UA, AL, BA, HR, ME, MK, RS, SI, KR, BD, PK, LK, GH, KE, NG, TZ, UG, AG, AM, BS, BB, BZ, BT, BW, BF, CV, CW, DM, FJ, GM, GE, GD, GW, GY, HT, JM, KI, LS, LR, MW, MV, ML, MH, FM, NA, NR, NE, PW, PG, WS, SM, ST, SN, SC, SL, SB, KN, LC, VC, SR, TL, TO, TT, TV, VU, AZ, BN, BI, KH, CM, TD, KM, GQ, SZ, GA, GN, KG, LA, MO, MR, MN, NP, RW, TG, UZ, ZW, BJ, MG, MU, MZ, AO, CI, DJ, ZM, CD, CG, IQ, LY, TJ, VE, ET, XK",https://open.spotify.com/album/28yHV3Gdg30AiB8h8em1eW,1987-07-21,day,spotify:album:28yHV3Gdg30AiB8h8em1eW,405600,78,,False,USGF18714806,https://open.spotify.com/track/6eN1f9KNmiWEhpE2RhQqB5,6,track,spotify:track:6eN1f9KNmiWEhpE2RhQqB5,False
Sadeness - Pt. 1 / Radio Edit,Enigma,Sadeness (Part I),single,4,"AR, AU, AT, BE, BO, BR, BG, CA, CL, CO, CR, CY, CZ, DK, DO, DE, EC, EE, SV, FI, FR, GR, GT, HN, HK, HU, IS, IE, IT, LV, LT, LU, MY, MT, MX, NL, NZ, NI, NO, PA, PY, PE, PH, PL, PT, SG, SK, ES, SE, CH, TW, TR, UY, US, GB, AD, LI, MC, ID, JP, TH, VN, RO, IL, ZA, SA, AE, BH, QA, OM, KW, EG, MA, DZ, TN, LB, JO, PS, IN, BY, KZ, MD, UA, AL, BA, HR, ME, MK, RS, SI, KR, BD, PK, LK, GH, KE, NG, TZ, UG, AG, AM, BS, BB, BZ, BT, BW, BF, CV, CW, DM, FJ, GM, GE, GD, GW, GY, HT, JM, KI, LS, LR, MW, MV, ML, MH, FM, NA, NR, NE, PW, PG, WS, SM, ST, SN, SC, SL, SB, KN, LC, VC, SR, TL, TO, TT, TV, VU, AZ, BN, BI, KH, CM, TD, KM, GQ, SZ, GA, GN, KG, LA, MO, MR, MN, NP, RW, TG, UZ, ZW, BJ, MG, MU, MZ, AO, CI, DJ, ZM, CD, CG, IQ, LY, TJ, VE, ET, XK",https://open.spotify.com/album/2KRYBWzHyMdkhxcwkbuN9B,1990-01-01,day,spotify:album:2KRYBWzHyMdkhxcwkbuN9B,260400,57,,False,DEG129000013,https://open.spotify.com/track/3MVm36ouM56jbP5rORxbVy,1,track,spotify:track:3MVm36ouM56jbP5rORxbVy,False
DRIP,trabbey,DRIP,single,1,"AR, AU, AT, BE, BO, BR, BG, CA, CL, CO, CR, CY, CZ, DK, DO, DE, EC, EE, SV, FI, FR, GR, GT, HN, HK, HU, IS, IE, IT, LV, LT, LU, MY, MT, MX, NL, NZ, NI, NO, PA, PY, PE, PH, PL, PT, SG, SK, ES, SE, CH, TW, TR, UY, US, GB, AD, LI, MC, ID, JP, TH, VN, RO, IL, ZA, SA, AE, BH, QA, OM, KW, EG, MA, DZ, TN, LB, JO, PS, IN, BY, KZ, MD, UA, AL, BA, HR, ME, MK, RS, SI, KR, BD, PK, LK, GH, KE, NG, TZ, UG, AG, AM, BS, BB, BZ, BT, BW, BF, CV, CW, DM, FJ, GM, GE, GD, GW, GY, HT, JM, KI, LS, LR, MW, MV, ML, MH, FM, NA, NR, NE, PW, PG, PR, WS, SM, ST, SN, SC, SL, SB, KN, LC, VC, SR, TL, TO, TT, TV, VU, AZ, BN, BI, KH, CM, TD, KM, GQ, SZ, GA, GN, KG, LA, MO, MR, MN, NP, RW, TG, UZ, ZW, BJ, MG, MU, MZ, AO, CI, DJ, ZM, CD, CG, IQ, LY, TJ, VE, ET, XK",https://open.spotify.com/album/2q2fC8uD9aSVOdatbGeeaI,2019-08-09,day,spotify:album:2q2fC8uD9aSVOdatbGeeaI,204015,38,,False,SE6HN1939195,https://open.spotify.com/track/4VtfM2pLdkxlWJBBwwjkp4,1,track,spotify:track:4VtfM2pLdkxlWJBBwwjkp4,False
Never Gonna Give You Up,Rick Astley,Whenever You Need Somebody,album,10,"AR, AU, AT, BE, BO, BR, BG, CA, CL, CO, CR, CY, CZ, DK, DO, DE, EC, EE, SV, FI, FR, GR, GT, HN, HK, HU, IS, IE, IT, LV, LT, LU, MY, MT, MX, NL, NZ, NI, NO, PA, PY, PE, PH, PL, PT, SG, SK, ES, SE, CH, TW, TR, UY, US, GB, AD, LI, MC, ID, JP, TH, VN, RO, IL, ZA, SA, AE, BH, QA, OM, KW, EG, MA, DZ, TN, LB, JO, PS, IN, BY, KZ, MD, UA, AL, BA, HR, ME, MK, RS, SI, KR, BD, PK, LK, GH, KE, NG, TZ, UG, AG, AM, BS, BB, BZ, BT, BW, BF, CV, CW, DM, FJ, GM, GE, GD, GW, GY, HT, JM, KI, LS, LR, MW, MV, ML, MH, FM, NA, NR, NE, PW, PG, PR, WS, SM, ST, SN, SC, SL, SB, KN, LC, VC, SR, TL, TO, TT, TV, VU, AZ, BN, BI, KH, CM, TD, KM, GQ, SZ, GA, GN, KG, LA, MO, MR, MN, NP, RW, TG, UZ, ZW, BJ, MG, MU, MZ, AO, CI, DJ, ZM, CD, CG, IQ, LY, TJ, VE, ET, XK",https://open.spotify.com/album/6eUW0wxWtzkFdaEFsTJto6,1987-11-12,day,spotify:album:6eUW0wxWtzkFdaEFsTJto6,213573,78,,False,GBARL9300135,https://open.spotify.com/track/4PTG3Z6ehGkBFwjybzWkR8,1,track,spotify:track:4PTG3Z6ehGkBFwjybzWkR8,False
Pigs (Three Different Ones),Pink Floyd,Animals,album,5,"AD, AE, AG, AL, AO, AR, AU, BA, BB, BD, BF, BG, BH, BI, BJ, BN, BO, BR, BS, BT, BW, BZ, CA, CD, CG, CI, CL, CM, CO, CR, CV, CW, DJ, DM, DO, DZ, EC, EG, ET, FJ, FM, FR, GA, GD, GH, GM, GN, GQ, GT, GW, GY, HK, HN, HR, HT, ID, IL, IN, IQ, JM, JO, JP, KE, KH, KI, KM, KN, KR, KW, LA, LB, LC, LK, LR, LS, LY, MA, MC, ME, MG, MH, MK, ML, MO, MR, MU, MV, MW, MX, MY, MZ, NA, NE, NG, NI, NL, NP, NR, NZ, OM, PA, PE, PG, PH, PK, PL, PR, PS, PW, PY, QA, RO, RS, RW, SA, SB, SC, SG, SI, SL, SN, SR, ST, SV, SZ, TD, TG, TH, TL, TN, TO, TT, TV, TW, TZ, UG, US, UY, VC, VE, VN, VU, WS, XK, ZA, ZM, ZW",https://open.spotify.com/album/3b4E89rxzZQ9zkhgKpj8N4,1977-01-23,day,spotify:album:3b4E89rxzZQ9zkhgKpj8N4,685880,56,,True,GBN9Y1100092,https://open.spotify.com/track/0gEaeqVRHPzRc7HMXtOKc7,3,track,spotify:track:0gEaeqVRHPzRc7HMXtOKc7,False
SKELETONS,Travis Scott,ASTROWORLD,album,17,"AR, AU, AT, BE, BO, BR, BG, CA, CL, CO, CR, CY, CZ, DK, DO, DE, EC, EE, SV, FI, FR, GR, GT, HN, HK, HU, IS, IE, IT, LV, LT, LU, MY, MT, MX, NL, NZ, NI, NO, PA, PY, PE, PH, PL, PT, SG, SK, ES, SE, CH, TW, TR, UY, US, GB, AD, LI, MC, ID, JP, TH, VN, RO, IL, ZA, SA, AE, BH, QA, OM, KW, EG, MA, DZ, TN, LB, JO, PS, IN, BY, KZ, MD, UA, AL, BA, HR, ME, MK, RS, SI, KR, BD, PK, LK, GH, KE, NG, TZ, UG, AG, AM, BS, BB, BZ, BT, BW, BF, CV, CW, DM, FJ, GM, GE, GD, GW, GY, HT, JM, KI, LS, LR, MW, MV, ML, MH, FM, NA, NR, NE, PW, PG, PR, WS, SM, ST, SN, SC, SL, SB, KN, LC, VC, SR, TL, TO, TT, TV, VU, AZ, BN, BI, KH, CM, TD, KM, GQ, SZ, GA, GN, KG, LA, MO, MR, MN, NP, RW, TG, UZ, ZW, BJ, MG, MU, MZ, AO, CI, DJ, ZM, CD, CG, IQ, LY, TJ, VE, ET, XK",https://open.spotify.com/album/41GuZcammIkupMPKH2OJ6I,2018-08-03,day,spotify:album:41GuZcammIkupMPKH2OJ6I,145588,78,,True,USSM11806664,https://open.spotify.com/track/6NMtzpDQBTOfJwMzgMX0zl,7,track,spotify:track:6NMtzpDQBTOfJwMzgMX0zl,False
So Far Away (feat. Jamie Scott & Romy Dya),Martin Garrix,So Far Away (feat. Jamie Scott & Romy Dya),single,1,"AR, AU, AT, BE, BO, BR, BG, CA, CL, CO, CR, CY, CZ, DK, DO, DE, EC, EE, SV, FI, FR, GR, GT, HN, HK, HU, IS, IE, IT, LV, LT, LU, MY, MT, MX, NL, NZ, NI, NO, PA, PY, PE, PH, PL, PT, SG, SK, ES, SE, CH, TW, TR, UY, US, GB, AD, LI, MC, ID, JP, TH, VN, RO, IL, ZA, SA, AE, BH, QA, OM, KW, EG, MA, DZ, TN, LB, JO, PS, IN, BY, KZ, MD, UA, AL, BA, HR, ME, MK, RS, SI, KR, BD, PK, LK, GH, KE, NG, TZ, UG, AG, AM, BS, BB, BZ, BT, BW, BF, CV, CW, DM, FJ, GM, GE, GD, GW, GY, HT, JM, KI, LS, LR, MW, MV, ML, MH, FM, NA, NR, NE, PW, PG, PR, WS, SM, ST, SN, SC, SL, SB, KN, LC, VC, SR, TL, TO, TT, TV, VU, AZ, BN, BI, KH, CM, TD, KM, GQ, SZ, GA, GN, KG, LA, MO, MR, MN, NP, RW, TG, UZ, ZW, BJ, MG, MU, MZ, AO, CI, DJ, ZM, CD, CG, IQ, LY, TJ, VE, ET, XK",https://open.spotify.com/album/3jMnO9ehAlTTCxNeVMu1zY,2017-12-01,day,spotify:album:3jMnO9ehAlTTCxNeVMu1zY,183636,62,,False,NLM5S1600075,https://open.spotify.com/track/0OlnLZY4cmQzT6ZGttvWBM,1,track,spotify:track:0OlnLZY4cmQzT6ZGttvWBM,False
Hit 'Em Up - Single Version,2Pac,Greatest Hits,compilation,25,"AR, AU, AT, BE, BO, BR, BG, CA, CL, CO, CR, CY, CZ, DK, DO, DE, EC, EE, SV, FI, FR, GR, GT, HN, HK, HU, IS, IE, IT, LV, LT, LU, MY, MT, MX, NL, NZ, NI, NO, PA, PY, PE, PH, PL, PT, SG, SK, ES, SE, CH, TW, TR, UY, US, GB, AD, LI, MC, ID, JP, TH, VN, RO, IL, ZA, SA, AE, BH, QA, OM, KW, EG, MA, DZ, TN, LB, JO, PS, IN, BY, KZ, MD, UA, AL, BA, HR, ME, MK, RS, SI, KR, BD, PK, LK, GH, KE, NG, TZ, UG, AG, AM, BS, BB, BZ, BT, BW, BF, CV, CW, DM, FJ, GM, GE, GD, GW, GY, HT, JM, KI, LS, LR, MW, MV, ML, MH, FM, NA, NR, NE, PW, PG, WS, SM, ST, SN, SC, SL, SB, KN, LC, VC, SR, TL, TO, TT, TV, VU, AZ, BN, BI, KH, CM, TD, KM, GQ, SZ, GA, GN, KG, LA, MO, MR, MN, NP, RW, TG, UZ, ZW, BJ, MG, MU, MZ, AO, CI, DJ, ZM, CD, CG, IQ, LY, TJ, VE, ET, XK",https://open.spotify.com/album/1WBZyULtlANBKed7Zf9cDP,1998-01-01,day,spotify:album:1WBZyULtlANBKed7Zf9cDP,312626,79,,True,USUG10801475,https://open.spotify.com/track/0Z2J91b2iTGLVTZC4fKgxf,12,track,spotify:track:0Z2J91b2iTGLVTZC4fKgxf,False
Come Undone,Duran Duran,Duran Duran,album,13,"AR, AU, AT, BE, BO, BR, BG, CA, CL, CO, CR, CY, CZ, DK, DO, DE, EC, EE, SV, FI, FR, GR, GT, HN, HK, HU, IS, IE, IT, LV, LT, LU, MY, MT, MX, NL, NZ, NI, NO, PA, PY, PE, PH, PL, PT, SG, SK, ES, SE, CH, TW, TR, UY, US, GB, AD, LI, MC, ID, JP, TH, VN, RO, IL, ZA, SA, AE, BH, QA, OM, KW, EG, MA, DZ, TN, LB, JO, PS, IN, BY, KZ, MD, UA, AL, BA, HR, ME, MK, RS, SI, KR, BD, PK, LK, GH, KE, NG, TZ, UG, AG, AM, BS, BB, BZ, BT, BW, BF, CV, CW, DM, FJ, GM, GE, GD, GW, GY, HT, JM, KI, LS, LR, MW, MV, ML, MH, FM, NA, NR, NE, PW, PG, PR, WS, SM, ST, SN, SC, SL, SB, KN, LC, VC, SR, TL, TO, TT, TV, VU, AZ, BN, BI, KH, CM, TD, KM, GQ, SZ, GA, GN, KG, LA, MO, MR, MN, NP, RW, TG, UZ, ZW, BJ, MG, MU, MZ, AO, CI, DJ, ZM, CD, CG, IQ, LY, TJ, VE, ET, XK",https://open.spotify.com/album/0PqCkTvKFJxzr9uujq7a3T,1993-02-15,day,spotify:album:0PqCkTvKFJxzr9uujq7a3T,256519,68,,False,GBAYE9300072,https://open.spotify.com/track/0yfNXxlyXdmP0ue1iJijx1,6,track,spotify:track:0yfNXxlyXdmP0ue1iJijx1,False
No Surprises,Radiohead,OK Computer,album,12,"AR, AU, AT, BE, BO, BR, BG, CA, CL, CO, CR, CY, CZ, DK, DO, DE, EC, EE, SV, FI, FR, GR, GT, HN, HK, HU, IS, IE, IT, LV, LT, LU, MY, MT, MX, NL, NZ, NI, NO, PA, PY, PE, PH, PL, PT, SG, SK, ES, SE, CH, TW, TR, UY, US, GB, AD, LI, MC, ID, JP, TH, VN, RO, IL, ZA, SA, AE, BH, QA, OM, KW, EG, MA, DZ, TN, LB, JO, PS, IN, BY, KZ, MD, UA, AL, BA, HR, ME, MK, RS, SI, KR, BD, PK, LK, GH, KE, NG, TZ, UG, AG, AM, BS, BB, BZ, BT, BW, BF, CV, CW, DM, FJ, GM, GE, GD, GW, GY, HT, JM, KI, LS, LR, MW, MV, ML, MH, FM, NA, NR, NE, PW, PG, PR, WS, SM, ST, SN, SC, SL, SB, KN, LC, VC, SR, TL, TO, TT, TV, VU, AZ, BN, BI, KH, CM, TD, KM, GQ, SZ, GA, GN, KG, LA, MO, MR, MN, NP, RW, TG, UZ, ZW, BJ, MG, MU, MZ, AO, CI, DJ, ZM, CD, CG, IQ, LY, TJ, VE, ET, XK",https://open.spotify.com/album/6dVIqQ8qmQ5GBnJ9shOYGE,1997-05-28,day,spotify:album:6dVIqQ8qmQ5GBnJ9shOYGE,229120,81,,False,GBAYE9700386,https://open.spotify.com/track/10nyNJ6zNy2YVYLrcwLccB,10,track,spotify:track:10nyNJ6zNy2YVYLrcwLccB,False
About You,The 1975,Being Funny In A Foreign Language,album,11,"AR, AU, AT, BE, BO, BR, BG, CA, CL, CO, CR, CY, CZ, DK, DO, DE, EC, EE, SV, FI, FR, GR, GT, HN, HK, HU, IS, IE, IT, LV, LT, LU, MY, MT, MX, NL, NZ, NI, NO, PA, PY, PE, PH, PL, PT, SG, SK, ES, SE, CH, TW, TR, UY, US, GB, AD, LI, MC, ID, JP, TH, VN, RO, IL, ZA, SA, AE, BH, QA, OM, KW, EG, MA, DZ, TN, LB, JO, PS, IN, BY, KZ, MD, UA, AL, BA, HR, ME, MK, RS, SI, KR, BD, PK, LK, GH, KE, NG, TZ, UG, AG, AM, BS, BB, BZ, BT, BW, BF, CV, CW, DM, FJ, GM, GE, GD, GW, GY, HT, JM, KI, LS, LR, MW, MV, ML, MH, FM, NA, NR, NE, PW, PG, PR, WS, SM, ST, SN, SC, SL, SB, KN, LC, VC, SR, TL, TO, TT, TV, VU, AZ, BN, BI, KH, CM, TD, KM, GQ, SZ, GA, GN, KG, LA, MO, MR, MN, NP, RW, TG, UZ, ZW, BJ, MG, MU, MZ, AO, CI, DJ, ZM, CD, CG, IQ, LY, TJ, VE, ET, XK",https://open.spotify.com/album/6dVCpQ7oGJD1oYs2fv1t5M,2022-10-14,day,spotify:album:6dVCpQ7oGJD1oYs2fv1t5M,326490,81,,False,GBK3W2202321,https://open.spotify.com/track/1fDFHXcykq4iw8Gg7s5hG9,10,track,spotify:track:1fDFHXcykq4iw8Gg7s5hG9,False
"Psycho, Pt. 2",Russ,"Psycho, Pt. 2",single,1,"AR, AU, AT, BE, BO, BR, BG, CA, CL, CO, CR, CY, CZ, DK, DO, DE, EC, EE, SV, FI, FR, GR, GT, HN, HK, HU, IS, IE, IT, LV, LT, LU, MY, MT, MX, NL, NZ, NI, NO, PA, PY, PE, PH, PL, PT, SG, SK, ES, SE, CH, TW, TR, UY, US, GB, AD, LI, MC, ID, JP, TH, VN, RO, IL, ZA, SA, AE, BH, QA, OM, KW, EG, MA, DZ, TN, LB, JO, PS, IN, KZ, MD, UA, SI, KR, BD, PK, LK, GH, KE, NG, TZ, UG, AG, AM, BS, BB, BZ, BT, BW, BF, CV, CW, DM, FJ, GM, GE, GD, GW, GY, HT, JM, KI, LS, MW, MV, ML, MH, FM, NA, NR, NE, PW, PG, PR, WS, SM, ST, SN, SC, SL, SB, KN, LC, VC, SR, TL, TO, TT, TV, VU, AZ, BN, BI, KH, CM, TD, KM, GQ, SZ, GA, GN, KG, LA, MO, MR, MN, NP, RW, TG, UZ, BJ, MG, MU, MZ, AO, DJ, ZM, CG, TJ, VE, ET",https://open.spotify.com/album/21UO4eAaNZ5kultgMBNEHD,2016-11-08,day,spotify:album:21UO4eAaNZ5kultgMBNEHD,161985,67,,True,TCACT1646486,https://open.spotify.com/track/26OhjtaTamFocE08t83ml6,1,track,spotify:track:26OhjtaTamFocE08t83ml6,False
All The Way Live - Spider-Man: Across the Spider-Verse,Metro Boomin,METRO BOOMIN PRESENTS SPIDER-MAN: ACROSS THE SPIDER-VERSE [SOUNDTRACK FROM AND INSPIRED BY THE MOTION PICTURE (METROVERSE INSTRUMENTAL EDITION)],album,23,"AR, AU, AT, BE, BO, BR, BG, CA, CL, CO, CR, CY, CZ, DK, DO, DE, EC, EE, SV, FI, FR, GR, GT, HN, HK, HU, IS, IE, IT, LV, LT, LU, MY, MT, MX, NL, NZ, NI, NO, PA, PY, PE, PH, PL, PT, SG, SK, ES, SE, CH, TW, TR, UY, US, GB, AD, LI, MC, ID, JP, TH, VN, RO, IL, ZA, SA, AE, BH, QA, OM, KW, EG, MA, DZ, TN, LB, JO, PS, IN, KZ, MD, UA, AL, BA, HR, ME, MK, RS, SI, KR, BD, PK, LK, GH, KE, NG, TZ, UG, AG, AM, BS, BB, BZ, BT, BW, BF, CV, CW, DM, FJ, GM, GE, GD, GW, GY, HT, JM, KI, LS, LR, MW, MV, ML, MH, FM, NA, NR, NE, PW, PG, WS, SM, ST, SN, SC, SL, SB, KN, LC, VC, SR, TL, TO, TT, TV, VU, AZ, BN, BI, KH, CM, TD, KM, GQ, SZ, GA, GN, KG, LA, MO, MR, MN, NP, RW, TG, UZ, ZW, BJ, MG, MU, MZ, AO, CI, DJ, ZM, CD, CG, IQ, LY, TJ, VE, ET, XK",https://open.spotify.com/album/4ocB97o3gdrIYyIwYSSwVy,2023-08-04,day,spotify:album:4ocB97o3gdrIYyIwYSSwVy,245240,42,,False,USUM72308541,https://open.spotify.com/track/2JHMRT2gvjh6P7ejierydm,3,track,spotify:track:2JHMRT2gvjh6P7ejierydm,False
Somewhere I Belong,Linkin Park,Meteora (Bonus Edition),album,16,"AR, AU, AT, BE, BO, BR, BG, CL, CO, CR, CY, CZ, DK, DO, DE, EC, EE, SV, FI, FR, GR, GT, HN, HK, HU, IS, IE, IT, LV, LT, LU, MY, MT, MX, NL, NZ, NI, NO, PA, PY, PE, PH, PL, PT, SG, SK, ES, SE, CH, TW, TR, UY, GB, AD, LI, MC, ID, JP, TH, VN, RO, IL, ZA, SA, AE, BH, QA, OM, KW, EG, MA, DZ, TN, LB, JO, PS, IN, BY, KZ, MD, UA, AL, BA, HR, ME, MK, RS, SI, KR, BD, PK, LK, GH, KE, NG, TZ, UG, AG, AM, BS, BB, BZ, BT, BW, BF, CV, CW, DM, FJ, GM, GE, GD, GW, GY, HT, JM, KI, LS, LR, MW, MV, ML, MH, FM, NA, NR, NE, PW, PG, WS, SM, ST, SN, SC, SL, SB, KN, LC, VC, SR, TL, TO, TT, TV, VU, AZ, BN, BI, KH, CM, TD, KM, GQ, SZ, GA, GN, KG, LA, MO, MR, MN, NP, RW, TG, UZ, ZW, BJ, MG, MU, MZ, AO, CI, DJ, ZM, CD, CG, IQ, LY, TJ, VE, ET, XK",https://open.spotify.com/album/0f7R0jf0pcTb6K6IVVPcMD,2003-09-16,day,spotify:album:0f7R0jf0pcTb6K6IVVPcMD,213933,77,,False,USWB10300376,https://open.spotify.com/track/3fjmSxt0PskST13CSdBUFx,3,track,spotify:track:3fjmSxt0PskST13CSdBUFx,False
Learning to Fly,Pink Floyd,A Momentary Lapse of Reason,album,11,"AD, AE, AG, AL, AO, AR, AU, BA, BB, BD, BF, BG, BH, BI, BJ, BN, BO, BR, BS, BT, BW, BZ, CA, CD, CG, CI, CL, CM, CO, CR, CV, CW, DJ, DM, DO, DZ, EC, EG, ET, FJ, FM, FR, GA, GD, GH, GM, GN, GQ, GT, GW, GY, HK, HN, HR, HT, ID, IL, IN, IQ, JM, JO, KE, KH, KI, KM, KN, KR, KW, LA, LB, LC, LK, LR, LS, LY, MA, MC, ME, MG, MH, MK, ML, MO, MR, MU, MV, MW, MX, MY, MZ, NA, NE, NG, NI, NL, NP, NR, NZ, OM, PA, PE, PG, PH, PK, PL, PR, PS, PW, PY, QA, RO, RS, RW, SA, SB, SC, SG, SI, SL, SN, SR, ST, SV, SZ, TD, TG, TH, TL, TN, TO, TT, TV, TW, TZ, UG, US, UY, VC, VE, VN, VU, WS, XK, ZA, ZM, ZW",https://open.spotify.com/album/4xODvcpjOOgu4oKWL0sCte,1987-09-08,day,spotify:album:4xODvcpjOOgu4oKWL0sCte,292080,60,,False,GBN9X1100002,https://open.spotify.com/track/3ieDOGcOqVxScs2VZBzidt,2,track,spotify:track:3ieDOGcOqVxScs2VZBzidt,False
